,"AvAR({1,13,25})","AvAR({1,13,25})","AvAR({1,13,25})","AvAR({1,13,25})","AvAR({1,13,25})","AvAR({1,13,25})","AvAR({1,13,25})","AvAR({1,13,25})","AvAR({1,13,25})","AvAR({1,13,25})","AvAR({1,13,25})","AvAR({1,13,25})","AvAR({2,13,25})","AvAR({2,13,25})","AvAR({2,13,25})","AvAR({2,13,25})","AvAR({2,13,25})","AvAR({2,13,25})","AvAR({2,13,25})","AvAR({2,13,25})","AvAR({2,13,25})","AvAR({2,13,25})","AvAR({2,13,25})","AvAR({2,13,25})"
,1,2,3,4,5,6,7,8,9,10,11,12,1,2,3,4,5,6,7,8,9,10,11,12
Date,,,,,,,,,,,,,,,,,,,,,,,,
2009-12-01,3.0117380784306174,3.005345522536283,3.0016942716169415,3.036890644853751,3.0229701215748612,3.0461638504928303,2.9447731293361428,2.9819105118853813,2.9862142291611513,2.911358774762858,2.7189919450304245,2.4215957034436735,3.0633619801020964,3.0629990295848692,3.0577469152219865,3.090164437796787,3.073380075605328,3.0938065562946195,2.9897718849953208,3.0243891248739305,3.026292699198946,2.949152693766525,2.7546125248857165,2.455149906300745
2010-01-01,3.4410199725071138,3.452550915206556,3.4680707063226635,3.4311460896283106,3.428696453470138,3.31523333506369,3.345221935168668,3.3290549230326785,3.2379702540689976,3.031662650613999,2.7388991345797837,2.4985406109544024,3.470234452171353,3.484558884910213,3.4981659928416757,3.458598158211215,3.45349829610921,3.3375054204135246,3.365103115977334,3.3466826162872336,3.2534769822669047,3.0451755767047395,2.750540139975835,2.5084264675079555
2010-02-01,3.007313472128615,2.995710765712287,2.983986838874087,2.994413013961269,2.9071083030855704,2.936495198887307,2.9265436423581406,2.8562432915473237,2.6655466136354105,2.382952234599382,2.138972743442667,2.1467510174068423,2.9848355072632775,2.9677872340801184,2.953739806857501,2.962501828385728,2.873752147981937,2.901830608089354,2.890687856590097,2.8193056423172695,2.6276307182835485,2.344156561072945,2.099390880352459,2.1064718855494537
2010-03-01,3.447341456819338,3.47889359461333,3.4359326127197356,3.3277410731074,3.3051051929407684,3.2996361858196352,3.2080048613709344,2.9763232672494255,2.657706964832126,2.4081696016943104,2.38738366927032,2.2211413938467968,3.4644410878144236,3.4955299037664993,3.4494347381730783,3.3378626422441706,3.311987241965403,3.30347462321177,3.2089964741871078,2.9746572333347054,2.6535637884964,2.401721249904593,2.378793891879732,2.2105660622058756
2010-04-01,3.767801346806666,3.728328213969005,3.6109484451612484,3.5798690863445874,3.5653245027657703,3.46805491622345,3.21881963807553,2.877024523729664,2.614068901138212,2.584096186089646,2.4154930630429954,2.275073657931317,3.785055500701203,3.7446465734050167,3.6235786845329265,3.588590078532857,3.5703207643956936,3.469566957602624,3.2170868366804277,2.8722761656289286,2.606523138573636,2.5739602812966655,2.402963826871514,2.260337904150551
2010-05-01,3.4008693304287916,3.274989799564566,3.2464901274005413,3.23513889505833,3.140669995369132,2.8872642859112667,2.568421165441572,2.329087017237986,2.313588951045247,2.1594720533852327,2.0184842582413363,2.0457424511517557,3.388491642201616,3.259397626778441,3.2292840426489704,3.2166899047704813,3.1211440427917228,2.866788225546878,2.5471098814629602,2.3070480738590775,2.290923597926318,2.1362756306583393,1.9948464939813715,2.021747731422843
2010-06-01,3.091640740056531,3.067821891998594,3.0575944298148983,2.966507514107183,2.7169702713215123,2.4074553350845,2.178919705024001,2.171171889605954,2.025440146465357,1.8957609643857607,1.919967587064126,2.098992407623823,3.0755954243973336,3.0451885069977407,3.030333810646218,2.9352589005956236,2.6821255623841496,2.3693467299977002,2.1378531910089538,2.1274338920224456,1.9792994734236273,1.8474698946053996,1.8697627718197785,2.047095705141834
2010-07-01,2.9687953240086844,2.9635082266237145,2.8694992015330443,2.6198281454612147,2.3057283647530693,2.0777952656972984,2.073838149922455,1.9309064479268212,1.8055474879895719,1.836022270316472,2.0116116855418187,2.1350294655273543,2.9565062342799435,2.947083543843325,2.8504313354023565,2.598572184957352,2.282564718089559,2.0529627705576297,2.047555356722406,1.9033757200304287,1.7769564223624912,1.8065446632701156,1.9814083867939558,2.1042491754186172
2010-08-01,3.2261263521879386,3.130351577782495,2.861459141120346,2.536479674247245,2.296342675766143,2.2920963731025292,2.131265525202502,1.9848085362252377,2.0127361223439997,2.1843215046262405,2.302146534155529,2.230701076919131,3.2369122152222904,3.1402838268543376,2.8690536116185057,2.541738398565646,2.299471969059058,2.2933180936444124,2.1307900577058247,1.9828316554270913,2.009439340440801,2.1798728868854083,2.2967015390635592,2.2244033577171867
2010-09-01,2.9894963079273347,2.7264641892027406,2.4063052253480657,2.1728731434162474,2.170592572160262,2.0184009827555762,1.881306870505644,1.9216744815245332,2.1028277414795835,2.2297267208451323,2.15504260108458,2.2153811479623204,2.9849204913847855,2.720100244642678,2.3987144065853996,2.1642774467436046,2.1611531328368234,2.008259752293157,1.8705934257539125,1.9105076630169096,2.0913164923053347,2.217970771362978,2.1431330965310793,2.203401235233
2010-10-01,2.9565478808879706,2.6421566387500213,2.394526382518409,2.391377756962728,2.215481800450752,2.0689319020484476,2.09771976357178,2.2699976811812426,2.4050591118030202,2.336123582962303,2.3907397347275707,2.353342935877077,2.962567180765785,2.6471096815117896,2.39757937645558,2.3926012523090683,2.2150649999999277,2.067068006367858,2.094589978622162,2.2657696877187607,2.3998876125395374,2.3301511085020485,2.3840974434004476,2.346151371065946
2010-11-01,2.9002607318577684,2.6523068622543504,2.6325587665066523,2.4503090234971223,2.2773612314068767,2.3019777669364143,2.448937044192206,2.5571374601745327,2.498050345733635,2.5656593731237973,2.529396106546889,2.498551128550641,2.901998250567203,2.6539423042945236,2.6338938496144313,2.451377081587006,2.2782239838815532,2.3026963019927735,2.4495679418084455,2.557732526931376,2.4986568535297713,2.566320353948433,2.5301506395834363,2.4994346113060817
2010-12-01,3.4437615751290065,3.4248532010397774,3.1951301737370046,3.011692191311685,2.974947206528259,3.0859543671441116,3.1448976854376554,3.0321575533542187,3.102460307988512,3.0799207240755493,3.07641441528728,2.8377341413380823,3.464681675311526,3.445597160537851,3.212900809328621,3.026338775347549,2.986687527312595,3.0950440474935057,3.1515829630397683,3.0366692814787783,3.1050139095367464,3.0807169667374286,3.075640262987987,2.8355635758258013
2011-01-01,4.0172458330174665,3.7913995150114985,3.5803648519059337,3.5306382650265085,3.600686047959344,3.6217762863459506,3.4596730283301724,3.4799774075405687,3.451754041774248,3.4425454286353787,3.2302834538963303,2.975854829558173,4.03357454685736,3.8050537817305035,3.5888598427423823,3.534010068377905,3.5993322241522865,3.616124088073422,3.4501297188050217,3.466924048274771,3.4355459108182025,3.423513385721511,3.208735379074861,2.9520770043753735
2011-02-01,4.1010792394906135,3.8864837836029165,3.8254051731640026,3.889621071408086,3.896079993500836,3.717477768340404,3.708542141792583,3.6497626856720777,3.6293506558346693,3.4092487278020074,3.159984729158623,3.0007271534336124,4.104267568136322,3.872541036387594,3.792803860952899,3.83981209026816,3.830869985967387,3.6386027724660064,3.61760630860783,3.548237106981476,3.5185815567325966,3.290466616900321,3.034313148369826,2.8691908403122697
2011-03-01,3.7411638449848663,3.693845595977864,3.7606659480632874,3.759418124959621,3.5833095823267165,3.582074646938587,3.5526320901133395,3.560232565411203,3.3638853295760236,3.138365189107102,2.990519627388901,3.007630467524057,3.722606750500745,3.668496648586071,3.731129968898909,3.726646348454302,3.5479146152135264,3.5445642881845854,3.5134541000821016,3.5197861209870553,3.3225263725862355,3.0964104392644103,2.948250113186589,2.965294743150835
2011-04-01,4.536868064717516,4.6531750994328425,4.6235806066979075,4.466993530615732,4.432052465315429,4.373562774526289,4.303607937956112,4.034331448416122,3.798777533663824,3.665897525269081,3.694847292129817,3.5085815474922484,4.56175671095129,4.670389891218298,4.629076509223304,4.461405410110646,4.416679170575763,4.3496994927420305,4.272443416443633,3.9969398430887346,3.7561254928685748,3.6188531537103343,3.6441887930637784,3.45500522174072
2011-05-01,4.5514238776941776,4.509478707751191,4.343951580116333,4.289818275536213,4.222338010660391,4.147390964870181,3.890542941738962,3.663139129888427,3.5233898015335448,3.544919926464933,3.350349538832939,3.315298213474525,4.548140848388006,4.495704272442255,4.319925288505945,4.256871366277234,4.181844609752574,4.100605950111652,3.8385869598315225,3.6070071431131794,3.4639625750183085,3.482975097481568,3.2865717850804224,3.2502885117468168
2011-06-01,4.14637043352221,3.955920475944391,3.903214428039384,3.8159558445706914,3.7587736454846095,3.510946095767913,3.3233792802633046,3.20672719279944,3.2295653659832566,3.024664790912493,2.975292480947047,2.9916725476371604,4.136950738921176,3.9402201278498143,3.8825437049326292,3.7912292494604487,3.7307586439545553,3.4803128578051434,3.2907163657120155,3.1725508480212308,3.194327123196184,2.9887582116456692,2.9390592359011016,2.955407912128073
2011-07-01,4.31467518490897,4.268512711452154,4.180826433578858,4.134031331922144,3.879414076142465,3.6806651324568076,3.5473849928859464,3.5492374952408157,3.3493750834293756,3.3004380604901655,3.322199785428124,3.2795804925229013,4.332947703024332,4.28729262747045,4.197630404508292,4.148729165410288,3.8922170045380184,3.691814627611294,3.557106323132849,3.557734356603961,3.3568304735100596,3.3070159811977082,3.328046942715257,3.284827874208453
2011-08-01,4.422552917411441,4.349124118657231,4.3106547521043055,4.05904545411825,3.8541712184352477,3.72388785678439,3.72002143647811,3.5159566617987896,3.472510185846209,3.5003431454397105,3.4634962717066196,3.4664782756748562,4.4226642302092,4.343760520352065,4.29967093972319,4.043079647613904,3.8339199779401825,3.699997779807496,3.693077260857125,3.4864840936274635,3.440980660067106,3.4671785399857566,3.429073291560025,3.431132487369427
2011-09-01,5.111078143334804,5.100317659043861,4.846862563375443,4.657621304530342,4.5042799461744805,4.474897042653223,4.247229117000235,4.180702019789938,4.232656498905774,4.2123820700478865,4.235908227374295,4.03641729710666,5.138419129429503,5.1155884230182584,4.845452417586109,4.6405304217400785,4.473279125834487,4.43173612145766,4.193517697234793,4.117901046554443,4.162087376596658,4.135237866972514,4.1532644616880905,3.9492419454724867
2011-10-01,4.947266918490836,4.6912226710812694,4.51328713427533,4.345884506034758,4.322795475509846,4.091895130999448,4.04033769661694,4.102316276295252,4.0746247265414075,4.092740803206045,3.8856049945421915,3.8999987304442865,4.93242373830185,4.658644902270109,4.46465516936533,4.283405019457936,4.248558110507472,4.007785868047607,3.9480419410444743,4.0033351503945624,3.9702921349547338,3.9842393494707573,3.7739805419849097,3.786173673152421
2011-11-01,4.475601296167284,4.277818614570434,4.10623997412824,4.070396133747077,3.83998378476176,3.7964171550756594,3.8684018697384146,3.8412527724697516,3.847042313676988,3.6347704960329374,3.6401594957055523,3.649305713737718,4.460153922550397,4.249221688636227,4.066536327730841,4.021398654558619,3.783298291201715,3.733463159257212,3.8004313961353637,3.7693674040541203,3.772208625250221,3.5578340209068364,3.5618573590733895,3.570278054301293
2011-12-01,4.078387636501403,3.8919969107901426,3.855901169778388,3.627116827235135,3.5979952616149533,3.6778477460251473,3.664568966995976,3.672666845266935,3.470022961547374,3.484236732637232,3.4986166275669937,3.5287846581817397,4.04813309759286,3.8467627450213104,3.8001384049782883,3.563175449665383,3.5276564582156524,3.6026117674599356,3.5857256615818023,3.5913264599391197,3.387138100492242,3.4006210094419984,3.4149611485638522,3.445672697156177
2012-01-01,3.3862352789805628,3.3379332554964365,3.1199185017801434,3.092928266091006,3.1830360753035944,3.1975838836787958,3.2291374250872344,3.0422549435143122,3.0390274898461738,3.046745135276177,3.0687447457360695,3.228640948107332,3.343780764081257,3.280236888271444,3.0538910005291497,3.0213827966145295,3.1077749258023277,3.1200117044120907,3.150404910371174,2.96331058461527,2.960648899085441,2.9695637759878175,2.993267005239561,3.1552664006060454
2012-02-01,3.329615753860819,3.104004790054551,3.0656161004235254,3.1528021100135235,3.1614517141203944,3.19381490469445,2.9969723716326797,2.9848797669640112,2.9873390971001004,3.002173356010367,3.16124829427336,3.151805184641907,3.3346246586221024,3.1205778796060506,3.093531790677865,3.190705885096415,3.2079194017415698,3.2475411636695495,3.0567932564439135,3.0497648553028767,3.0563789788548887,3.074567307895934,3.236292961783709,3.2288843366140263
2012-03-01,3.235499529859002,3.244074916420059,3.390315534484509,3.4204332795030474,3.469709756095224,3.264204829710268,3.278211873770317,3.323911201949118,3.3613990060905685,3.5588864068323507,3.5669162040990288,3.6336017391290483,3.241773928693398,3.246311489510797,3.3868860694309237,3.41155220357417,3.455944677468331,3.246155129249471,3.2564420170111923,3.2989394070676785,3.3336977633892295,3.5288853687661175,3.5350053912002584,3.600134627356218
2012-04-01,3.0041008947213115,3.145288686525491,3.1821408688194244,3.240755736995555,3.0441497393883363,3.0756974577750715,3.135303043345198,3.1820341816504865,3.3890827806126875,3.3971532759613665,3.4593226745213155,3.5473012804202484,2.974027739189076,3.1081976015070136,3.143025826336448,3.200845730265616,3.0038738597805494,3.0353010687570356,3.0949769500320197,3.141942746418733,3.3493709936022005,3.3579493718521576,3.4207397410681892,3.5094385788604305
2012-05-01,2.784844748499897,2.8140542264276953,2.8829492172363245,2.6897822238265747,2.742227726160296,2.822339796780858,2.8958952601322867,3.1227368340977044,3.1314245017319706,3.198727493820074,3.277124371997354,3.350049963933048,2.763256119542572,2.7873625315836335,2.8547412005970245,2.6609451211199358,2.713073244085573,2.7930472517427423,2.8666047996209265,3.0935697576180523,3.102488342976322,3.1701178699523056,3.248926103046506,3.3223379871396888
2012-06-01,2.3272272281983066,2.374664143800279,2.1911697654710456,2.240752990291892,2.3359231475097544,2.425968677875828,2.6802495740326093,2.7168739381764713,2.794736978649808,2.8826499878625262,2.942086646673426,3.0745325276131035,2.307473130372755,2.3518693750954873,2.1687289978342825,2.2193482383651157,2.315682734315345,2.4069068528936435,2.6623561601440797,2.700132731825851,2.7791296358243263,2.8681569441586334,2.9286874228230677,3.0622058998497317
2012-07-01,2.5302661258683554,2.3556795080907613,2.4034708616730183,2.499213298063683,2.585625080778391,2.8332298174635397,2.8615945890739583,2.932349175141822,3.013803257334564,3.070495496611366,3.20520014234948,3.0922834636958414,2.5365357672207107,2.3614088396359576,2.4074446322323797,2.501346402461827,2.586051034163086,2.8321153071756657,2.8591023612667357,2.928631185750374,3.0089999604437914,3.0647363423784544,3.1986042801908976,3.0849604481348165
2012-08-01,2.261413565345961,2.305938643822795,2.410309674589303,2.4955516990431934,2.746529631514241,2.77608715237694,2.8568241323698373,2.9502616538310265,3.0120007221323792,3.1482715877493885,3.033037434800292,3.00904282536298,2.2599667200114015,2.3028516065247726,2.4056894786736036,2.4895553436490414,2.739313695058305,2.767798233553238,2.847597586671563,2.9402219801823457,3.0012622443907535,3.136939156797712,3.0212070976936793,2.996802452951634
2012-09-01,2.2848907388226354,2.400089477480015,2.4943295530880794,2.754208807700889,2.788996652862016,2.877632455611442,2.9747675053249734,3.040471887065943,3.178389035104498,3.0642821649003817,3.0443536272917875,3.015052413993411,2.2707774080789362,2.38402992505397,2.4787724346301867,2.7396234413424687,2.7754498622524366,2.865109844218176,2.963238906649511,3.029904689597044,3.168750885905652,3.055541508385769,3.0364798023165136,3.0080156604349315
2012-10-01,2.8023353186795332,2.918569539041325,3.179166474445159,3.2187330179881797,3.297849537315129,3.3783122928988143,3.4274715797093975,3.5494469812759273,3.4188435254736027,3.3896744461060826,3.3585683701479234,3.1781839162499956,2.8275014672672802,2.945059604526927,3.202547212202212,3.2384060826875776,3.313958653869593,3.3911300726987057,3.4372789034447706,3.556510167710051,3.4234108571852446,3.3919764745296974,3.3588189090505947,3.1765811133743505
2012-11-01,2.8438481181043573,3.0913267748741426,3.1224190496402,3.196067200377575,3.2784892589890418,3.329431083549608,3.453312542093317,3.3245218342377334,3.300103903552582,3.271648379490165,3.0888129310745547,3.028875716482943,2.849365516128103,3.0953614859274787,3.1238275390100454,3.1948544950998206,3.2748720071432227,3.323651992952365,3.4456044745801315,3.3151016545509138,3.2891721942863987,3.259390265669637,3.075399070168394,3.014463269096382
2012-12-01,2.8459271110397366,2.856429926735166,2.920496905620212,2.9965329313931988,3.054808899925481,3.196126197622442,3.0791969369797285,3.065337068737676,3.050406031002607,2.87379934978386,2.8103431116895536,2.8515696448146635,2.8367595703496153,2.8433866849972085,2.904853102182903,2.978732335732566,3.035112439971859,3.174744724390725,3.0563190819551878,3.0411357197642084,3.0250404098374926,2.8474161469776917,2.7830773842795384,2.823545623062039
2013-01-01,2.610199300369836,2.6607639352624717,2.7405349489740183,2.7981613765722444,2.9498698072378624,2.8426048072864254,2.8374121357063644,2.830443990930226,2.6646755868436762,2.604372749097722,2.64094906769995,2.6821376416346614,2.609580772471895,2.6574916976883967,2.7344326319708805,2.7894103268367254,2.9387076136457004,2.8292655788754453,2.822115446626754,2.813393573795805,2.646059932979082,2.5843660385381093,2.6197121143705453,2.6598187934478115
2013-02-01,2.920050810659845,3.0069970234899266,3.0592537110554976,3.208459230458182,3.0908362983313324,3.0813476589005817,3.0685953729356386,2.896613317385969,2.829554564112293,2.8600407588302392,2.901920317962207,2.8865314617728917,2.930830233273852,3.0161556176449764,3.0646287180883456,3.209928606047267,3.0886670589988205,3.075864226825407,3.0601140618577567,2.8854304111640565,2.8159451239235302,2.844259518583888,2.884202929811476,2.867095745473982
2013-03-01,2.890123609695831,2.943282999767291,3.1049268232933898,2.9899528385177967,2.984160182775568,2.97063958288838,2.8034856963846537,2.7417180847705036,2.7759801725432602,2.823416026971465,2.8068509557255865,2.759227441857002,2.88779986089827,2.9373908625227316,3.095512354536576,2.97730059037204,2.968582531962523,2.952435601453466,2.7829341138896155,2.719077043929488,2.751488280513056,2.797293598570706,2.779301230316934,2.7304377338596293
2013-04-01,2.3872796945924795,2.531216116067529,2.4133439196053126,2.3975414715062824,2.4143846791424344,2.2787106237677754,2.2280415812250354,2.2786853418856254,2.353514769355821,2.3463809076917754,2.281649741045903,2.477752524718911,2.3589735548096336,2.4975878617547353,2.3790793551486584,2.3636106353396147,2.3810007536672018,2.245930518334584,2.1958880151417164,2.2471718278464627,2.3226508809347965,2.3161735323302017,2.2521035051586864,2.448870038346565
2013-05-01,2.8916723310584285,2.777891326407037,2.7616897130046474,2.7841161588465675,2.6281621638778465,2.5577818578859604,2.602577345481572,2.6672462811006525,2.642759722284361,2.5754013896789956,2.783252576406819,2.7514395719314444,2.9093251387959875,2.795421580152869,2.7759953795599395,2.7948804962571927,2.6355815515117498,2.5621325248829447,2.6041336998086164,2.666266406393068,2.6394836507181387,2.5700517529505937,2.77603565022642,2.742546338203802
2013-06-01,2.8037548360479314,2.7845164495318273,2.800281691259666,2.636235736240135,2.5658983651690623,2.6043716640470254,2.6663629063809773,2.6384122902018805,2.5719341800139905,2.778928750164825,2.7429284678864385,2.6942440858002947,2.814743345879864,2.79284895896228,2.8037161446206547,2.6347223585536335,2.55978691560711,2.594063912485703,2.65224661006465,2.62084991693489,2.5512621996354454,2.7554588918956515,2.7169492730015055,2.666022435464078
2013-07-01,2.8172233413129333,2.8331089595090764,2.670799871805021,2.6043398317445168,2.6403199544695615,2.7041715634740213,2.672311110193124,2.6038415087955684,2.809608803770922,2.772001792699888,2.725350161614609,2.7321864090152643,2.8088005369886333,2.820112135520567,2.6542665099543243,2.58474657661213,2.6180149364569694,2.679458589246869,2.6454671206789437,2.5751211769578437,2.779246589898147,2.7402134372822786,2.6923339995524267,2.698124583041086
2013-08-01,2.70575160263614,2.542551897937423,2.4700076360241536,2.4991294415854557,2.5704438716542795,2.5450522020809085,2.4777770107773,2.6862292990604124,2.6557600139064674,2.6107760391902204,2.6147057334790866,2.652652073717528,2.698177744886234,2.5322741634231556,2.458143074509397,2.486049495509421,2.556361986996294,2.5301393312682166,2.4621849588162754,2.670096038909806,2.6392114351624847,2.5939269548385795,2.597660698636578,2.635506127109243
2013-09-01,2.5341658770215645,2.4626507562456346,2.4978447727774813,2.571629282727468,2.549739595231548,2.49092403261236,2.703672742733325,2.674867690540077,2.631777081315127,2.6357434764764545,2.6738629342564355,2.6903934254278,2.5324284713862,2.4584723601840595,2.4912988983910944,2.562924082157618,2.539094862325642,2.478548405458039,2.689760187941978,2.6595976542179005,2.6153152960898995,2.618242846592668,2.655464390104248,2.6712267292906446
2013-10-01,2.0679470716639936,2.098928349614722,2.178877183940752,2.156371175856637,2.1210356966072155,2.3632787476632084,2.3458480329313476,2.3190529795159436,2.3400087536454883,2.3826252696967916,2.394246760212615,2.4672408064570104,2.0355086628800465,2.061951453244572,2.142695253668191,2.1219279724449653,2.0884253978789324,2.3324351725939074,2.3166785930231026,2.291464492097326,2.313912208250718,2.357936510063869,2.3708863849603343,2.4451339309809255
2013-11-01,2.090381939312977,2.172457770539673,2.1472869578513367,2.114389986671176,2.354637710340024,2.333263914544181,2.3029237512296326,2.322517810217409,2.3645372611702506,2.3779859492146636,2.4534918430317156,2.497397134365078,2.0836579037749736,2.164857022710501,2.139911074382555,2.1074161738123878,2.348065362820144,2.327060316153953,2.297052369640594,2.316943660071385,2.359227796556992,2.372911092491656,2.4486238542261662,2.4927104581965716
2013-12-01,2.1204874893000554,2.090705804075259,2.056387979553626,2.294427454122694,2.274495734267344,2.2445118617860547,2.263906466660746,2.306591646416908,2.31985179891886,2.3968298133641093,2.4379574735811715,2.470419134886607,2.1206130813383166,2.09162546782224,2.0581802445394497,2.2970567973556673,2.2779072624483625,2.2486499809671745,2.268718405676027,2.312027971977795,2.3258663423113703,2.4033794906598835,2.445002094812507,2.4779212206022545
2014-01-01,1.908515781203647,1.8745814706416857,2.1114012426528084,2.0867547502155532,2.072457022843206,2.104029660376757,2.1528654860957044,2.1748914504873356,2.259688452180708,2.3016565928564816,2.3278752522013435,2.3304450861779222,1.903854789300303,1.8706541801155854,2.109142779668128,2.0862344611839463,2.073582194443832,2.1066829400500597,2.156931361073312,2.180261014473743,2.2662599431629196,2.309335126513126,2.336572420505822,2.3400785510373625
2014-02-01,1.6925512386711714,1.9295112242955035,1.9076487320441953,1.8920673633917868,1.9365997681396863,1.996070708816859,2.0237463915742206,2.117183915846972,2.165214479439092,2.191867225872848,2.1913435462012494,2.2482044862342963,1.6809364343958182,1.9187028187617716,1.899783100393219,1.887330148975934,1.9348187198479903,1.997019344477171,2.027201170863283,2.1229343278413477,2.173064176898099,2.2016334957794954,2.202856507762592,2.2613062796833265
2014-03-01,1.8757597668989714,1.8540604714299362,1.8413334177140577,1.8889311312343047,1.953456724766551,1.988528805760174,2.0892573093000677,2.1410958477989115,2.1715491324128937,2.1730015272034504,2.2318691345399597,2.271295557623534,1.870234048338795,1.8500171608670402,1.839911770693029,1.8901350229675924,1.957082969312035,1.9943483986163286,2.0970500454635568,2.1506562100606756,2.1826865949055523,2.1855398153343066,2.245645329776702,2.286159218587205
2014-04-01,1.7901286748799758,1.7717396467931714,1.817007483172505,1.8735089357436647,1.917558780522593,2.0223917667714093,2.0771896116555313,2.1127159519439425,2.115292124878951,2.169939124078848,2.2018298174642954,2.157556099046607,1.8033473849538957,1.788408253877746,1.8351074310580497,1.8925469846944523,1.937348008564341,2.0428124415561366,2.0981418902146767,2.1341101592365814,2.137046417357961,2.1919786265029173,2.2240860741152693,2.179966610925852
2014-05-01,1.482739950967195,1.5283809926329333,1.5878543111879786,1.6293944149532307,1.755476615039969,1.8293314698438163,1.8727588309607117,1.88838714133806,1.9541333683470958,1.9851074474528054,1.9365659441638856,1.9973084748166157,1.4660224956517698,1.512485690193594,1.5757977249973194,1.6214455730694652,1.751401551073366,1.8288199962415135,1.875504687800678,1.8941021087792178,1.9625488551793222,1.9959737580277295,1.9496511656325861,2.012397351323568
2014-06-01,2.020090963453878,2.082493857365831,2.120777210430278,2.25146753484659,2.285102005043378,2.290394552475403,2.2933583650217773,2.330494089568252,2.3401633069590773,2.2954035579508223,2.363204587624612,2.2001257235916345,2.0443373026747556,2.1109429242905215,2.1497293958404344,2.2802206369787803,2.3135059044637973,2.3184030010893806,2.3209466592276513,2.357643787499797,2.366859241806827,2.3216331167330426,2.388957416993788,2.225393525114702
2014-07-01,1.6597325770110682,1.692482872604202,1.827224596068347,1.8543016839142024,1.895566127954883,1.9278407459952607,1.9759974202933952,2.0148741742691754,1.9840966593017644,2.0489517879288344,1.878579632003764,1.9551680216120388,1.644779521312331,1.6784791295871209,1.8166375164441302,1.8472934426770744,1.8919181249136676,1.9272854159003028,1.9782745722806243,2.0197397357407136,1.9913232458609047,2.0583279162563453,1.8899087517193525,1.9682675664193134
2014-08-01,1.5442316503140916,1.675687668559972,1.7067043927406627,1.7452489602284647,1.7892571200937084,1.8488353521173186,1.8916624691562303,1.871694900898725,1.9409148452883465,1.7704071982831315,1.8436641310149706,1.873992054146117,1.5397002827179709,1.6733502224653956,1.7074637655814724,1.749009086290646,1.7957654120123607,1.8578288818774678,1.9028924340740785,1.884929867311602,1.955940343695989,1.7870247400895007,1.8616901803341095,1.8932570446363786
2014-09-01,1.3185653218690512,1.348080684958173,1.3914627515915206,1.4294006962081685,1.5159389260745695,1.5792707861226258,1.565593591898707,1.6573692883238869,1.4966889139474102,1.5658813775406557,1.5877336755070968,1.6870984931252224,1.3032088304665372,1.3345138910628693,1.3823155041207196,1.4247736623234204,1.5155125163061551,1.582674906717673,1.5724712722475729,1.6673864964485963,1.509534980017203,1.581267841707714,1.6053929317763398,1.70678246652325
2014-10-01,1.3382255990450946,1.3777524711799256,1.4162694298267209,1.5013284604969785,1.566299486956045,1.5564407420638264,1.6490356751446287,1.49057225917894,1.5601923205551256,1.5811670211683282,1.678239675552267,1.7169049279255546,1.3450926761465416,1.388445112724454,1.430000511157198,1.5177159688648556,1.5850486444132972,1.5772884364831643,1.6717398765779983,1.5149092033769154,1.585955082737593,1.608164384591758,1.7062951040092187,1.745855606398831
2014-11-01,0.9211141802896904,0.9423432214721853,1.039067116574966,1.0921877228376367,1.1196503918017886,1.2345194323649904,1.0936584165631182,1.1874500108154644,1.2172826142140638,1.3093808176548227,1.3355518416439758,1.480609279326826,0.9026440837481294,0.9260395981477582,1.0278520241369267,1.086146149353114,1.1184336244769704,1.2377321062071245,1.1009197097937604,1.1984022427384837,1.231591412611292,1.3267339913562755,1.3556581080794157,1.503197029460886
2014-12-01,0.4910909767567008,0.5724907354948384,0.6277367602443076,0.6396197638511243,0.7881306003283047,0.6691966147280644,0.7743727034889955,0.8279702358004545,0.9272331364831993,0.9460321845569194,1.0780512574670122,1.2469889575164588,0.473282698402526,0.5590874717342748,0.621972238370414,0.6415239685356607,0.7972187273756951,0.6849259602646777,0.796218933465962,0.8554388227826785,0.9598598214308076,0.9833816455646117,1.1197155475243774,1.2925859738685852
2015-01-01,0.3737012877430128,0.42005393684928943,0.4339599035584098,0.5762970938968074,0.4699463504646477,0.5853903436204613,0.6462028285653995,0.7550223124380325,0.7778795626080285,0.9078194741259832,1.0724169888667956,1.1614732028025527,0.36738797964196124,0.42028117356417694,0.4423924864245956,0.592682507604586,0.4937301154612645,0.6159960130238861,0.6830791586615477,0.7976499088871082,0.8257705400011083,0.960515974534066,1.129489575099308,1.2225192998335326
2015-02-01,0.013798799386384328,0.003360058824914932,0.14347200031386798,0.017894317944766352,0.15790518818471933,0.2359330666892898,0.356143620116798,0.4025825140893868,0.5377631186063027,0.6961941334374774,0.7719610944882866,0.9074923659534414,0.0023434020139567005,-0.0006961252410561669,0.14961986669297508,0.034161900481768925,0.1837142939931414,0.270646302616022,0.39914202419580863,0.4532782331221004,0.5956003251590563,0.7606478673669944,0.8425357898962839,0.9837203813379604
2015-03-01,-0.009598967240833485,0.13079616218753964,0.005122801991469389,0.14633073706502536,0.22386506413324203,0.3457236744002546,0.3928215000186929,0.5280698043221029,0.6876788778693376,0.7641969370946349,0.9008086291451116,0.9408002177249252,-0.0032132041484450313,0.1473015615913176,0.0318212176850862,0.182646657340097,0.26913444024175825,0.39929686699193573,0.45408093522464493,0.5964317863388163,0.76259251581877,0.8451426012122868,0.987296383851796,1.0323683120792502
2015-04-01,-0.07533448228516613,-0.211153078349831,-0.07294485071493995,-0.005097187612941127,0.12447996510637699,0.17694999281465262,0.31382227734765517,0.48305838282315233,0.5602591237530959,0.6950106908586927,0.7286630954376431,0.781458896402199,-0.08023322543873133,-0.20713263297879717,-0.058074789813579254,0.020393195136346336,0.15999302249429334,0.22184849190895148,0.3674886747572898,0.5449044915995613,0.6297266935371413,0.7715703668837302,0.8118131299590954,0.8707238634745793
2015-05-01,-0.021901350649247975,0.12516552963911617,0.1958212925487662,0.3344516227377708,0.38010335125593425,0.5136193688088914,0.6812649458154727,0.7501615816729746,0.8848592217181538,0.9186685667592762,0.9774816398257689,0.909413790213296,0.0016583752177302218,0.16064059806950326,0.2405233591742825,0.38736793943649755,0.44055805598652237,0.5810261348576812,0.7550801461798916,0.8298743488718449,0.9699883487230491,1.0087607260957245,1.072109903570109,1.0081762612778766
2015-06-01,0.15875335269532698,0.2366302755712559,0.3775373359365671,0.43287751927271034,0.5598271913552617,0.7296906429046875,0.798691125928897,0.9266719484118799,0.9627389514456671,1.021230377578857,0.9598576223053933,0.9386789813564053,0.15880823973273686,0.24496096424407912,0.3950725601952956,0.45927548448635713,0.594546329869723,0.7721789913756548,0.8484188425560273,0.9831359578667217,1.0254626795566062,1.0897626615443816,1.0337715216477468,1.0175706166231158
2015-07-01,0.16470846226915448,0.29697439382453955,0.3498495286926693,0.46984543812725077,0.6435336940420209,0.7177019579611038,0.8464255634091097,0.8886752357036816,0.9475849783565202,0.8861346200137751,0.8599399661780774,0.8543125067172269,0.17589446281253399,0.3175904567555706,0.37906749489608044,0.5070307990733883,0.6881129932558738,0.7691377864286855,0.904210849570504,0.9523310427784241,1.0166589841988432,0.9601997719941714,0.938593217944255,0.9371736178673801
2015-08-01,0.2258415298354621,0.27193536751061714,0.3922165830611118,0.5627535685548407,0.6412207031684187,0.7753505804042575,0.8195982328079627,0.8830946293751104,0.8228437375314032,0.7963555191248347,0.7876390041606826,0.7746513456324987,0.23108277289950915,0.28553219978469074,0.41423254792703235,0.592735631004266,0.6786486186935914,0.8197156073221095,0.8704159920019486,0.9399063070498933,0.8852152652971498,0.8638764422648872,0.859921340142508,0.8513284845153501
2015-09-01,-0.09373844000679939,-0.0006401120666169879,0.16490046107313802,0.2252974052229271,0.3725381328158795,0.4358400186537715,0.5012464749940294,0.45834491925407916,0.43076152266506096,0.4182850225060242,0.387972297381324,0.497300410152904,-0.09938956721481994,0.0009343069092364598,0.17546626966192594,0.24468976723384162,0.40027602778776755,0.471409305831975,0.5441486851184157,0.5081048612769418,0.48692768492488514,0.4804287466107236,0.4556867751848321,0.5701996870251244
2015-10-01,-0.006458501591336543,0.16066050431447565,0.22083804623115602,0.36794468848189793,0.4304070638595403,0.4934814678287256,0.44912715263913167,0.4207532271686063,0.4068069554840689,0.3768921990474905,0.485933151990666,0.4746479793521569,-0.0006087502003789916,0.1755093275349335,0.24474293189882865,0.4004418652265526,0.47096468912851736,0.5415784263043518,0.5042659174720926,0.48246113035051313,0.4746354565173294,0.4504158423456264,0.5647485095430506,0.5583726292654665
2015-11-01,0.3874276220261121,0.46093255532291383,0.6103334273654707,0.6792722125010978,0.7362294204564347,0.6821666942426802,0.6537374005727605,0.6328480078959209,0.6047756304637608,0.7165794464289835,0.7126307303563926,0.71057334632255,0.40935777161328013,0.49288430376866543,0.6497583799033797,0.7253288087709352,0.788403778842734,0.7400232879187376,0.7168732265224792,0.7008834417465534,0.6773519283630677,0.7933574830738225,0.7932899970839699,0.794811031824565
2015-12-01,0.24730068376501824,0.38088843911955267,0.4464951040625896,0.4902355304857777,0.4475036527350615,0.4276854082568326,0.40846599377511644,0.3905563920474478,0.5012247273906986,0.493264887588043,0.478933533676786,0.537091697156756,0.25187876856170427,0.3928552184510186,0.46593237498610796,0.5167585732285741,0.4806648818241779,0.46704560859695227,0.4536061400734565,0.4410788815823418,0.5567527586606826,0.5534415451265836,0.5434208564738694,0.6055697787340188
2016-01-01,0.3303196452172899,0.3925155738033636,0.4354777569652697,0.39119810804530614,0.3730485244637716,0.35769762520972237,0.3408430287525885,0.4534800991142687,0.4463593615152645,0.4307715427215875,0.48723947406530826,0.5371297094235262,0.33487354863846913,0.40430472208806006,0.45458028147398494,0.4172482300215374,0.4056204922501829,0.39637326377537435,0.3852229371624116,0.5031848411953781,0.5010289083888945,0.49006443765324614,0.5508319802659375,0.6047149858657498
2016-02-01,0.35571177191694625,0.39492887272026284,0.3491259536135154,0.32614656697954364,0.31377914579632743,0.2983980911793747,0.41062674458625653,0.4061348791741537,0.3890407748194568,0.4441522631218577,0.48971650352555834,0.538593979477496,0.36564344040339547,0.4124829013001039,0.3735111327628653,0.3568628082901209,0.3503969203529989,0.34051808206886786,0.4578718006268767,0.4581477880352427,0.4454831130225956,0.5047034723753239,0.5540730396679924,0.6064685051179804
2016-03-01,0.5512396588003462,0.5133064035453816,0.49081742249207094,0.4854879217836287,0.4633824949246553,0.5700509494590179,0.5633251110827701,0.5399280586655462,0.5948200006762613,0.641270643728558,0.6962510344678364,0.6403000277211518,0.5665313193227669,0.5363851227772342,0.5200034251257163,0.5201675338475741,0.5031502914996197,0.6145544852668373,0.6122362208931061,0.5929369861468771,0.6516336704290682,0.7016117098920533,0.7598570982385765,0.7069229130654063
2016-04-01,0.23893025712366547,0.20131446882372342,0.19437529437676873,0.1599536193172729,0.2772451982358724,0.2845378551571739,0.2642534797790784,0.32939702526327047,0.377283729432897,0.42786537854869994,0.36183115084157685,0.48357760607366096,0.23106047211903183,0.19806703618750324,0.19761982264360978,0.16967169487488934,0.2930971294399685,0.3061430607043723,0.29124005024922933,0.3614098911522894,0.4139854317169715,0.46893554169878265,0.4069657517714074,0.5324882340565552
2016-05-01,0.27548741354586603,0.2761311342952083,0.24255276193254072,0.36501516322911937,0.36956366251513106,0.3431672274481245,0.40820783080660544,0.45362635203855417,0.5038458463929012,0.44153961268003217,0.5676526808841957,0.5644397396986037,0.2795131670132804,0.28678431159609996,0.2599431120699494,0.38881964807599384,0.39939790830984717,0.3786519154284986,0.44897997228344,0.49934063100082177,0.5541741964232809,0.49617050330194473,0.6262903788125813,0.6268035918387045
2016-06-01,0.4156829124492243,0.3895116223964399,0.5135057430403561,0.5286954944190808,0.49515883668734784,0.5559121949545459,0.6028511184671238,0.6476226721622681,0.5864450435300373,0.714138507236394,0.7189196956761604,0.7303250417012537,0.4251658498135982,0.40595923762749003,0.5361279083623148,0.5570321305338706,0.528825652326913,0.5945538570961925,0.6461320654048598,0.6952247822134932,0.6380665757681248,0.769493300606011,0.7777364415243158,0.7923465950612103
2016-07-01,0.5937782668487247,0.7289618484525527,0.7460772428957702,0.7220733076532584,0.775809307264002,0.8116810613186599,0.855698314051402,0.7883542355684793,0.913444116416814,0.92172999188976,0.9395017836966182,0.8968671069574427,0.608584415593239,0.7506646382122227,0.7729430711966426,0.7535138329861134,0.8114600604003613,0.851232141726349,0.8988627591646892,0.8348616152416235,0.9630387717389364,0.9741701505582094,0.9945588612242823,0.9543250661892503
2016-08-01,0.7362581078478462,0.754845013940456,0.7317536760700509,0.7876429516827845,0.8226536747684804,0.8671019517515921,0.8004267682968028,0.9245950099182793,0.9335133753306578,0.9515939002054187,0.910329941728779,0.9518131135781186,0.739063673534119,0.762625798126547,0.7446109648271593,0.8053194016892267,0.8448413831913587,0.8934974275144025,0.8307402253363175,0.9585514395845124,0.9708521611596813,0.9920681952804801,0.9537060278727135,0.9978697809002984
2016-09-01,0.9242847387228883,0.9060027672075859,0.9610980954840592,0.998718856683316,1.0365677669347362,0.9603176464407047,1.0815544509786525,1.084670356955005,1.0989325431362742,1.0581439526607819,1.1014249369344193,1.0529080504273605,0.9441215415946513,0.9323717109374888,0.9913723091988831,1.0322229454593812,1.0729917533328,0.9994282637817066,1.1231421795228844,1.1285393162931128,1.1448981938022946,1.1060322381973169,1.1510717082813908,1.1041585612796039
2016-10-01,0.8764557856435266,0.9291247260866141,0.9665332327754118,1.003852319975328,0.9280323076584661,1.0526311198875367,1.0568866955082667,1.0722770174943566,1.0330451364819286,1.0753465611013475,1.0265499747956552,1.0521923825809774,0.8788857982692676,0.9356833935132078,0.9772959349732725,1.0186147398657308,0.9465511048680822,1.0746666146454191,1.0822100288539171,1.1006709561581636,1.0643037583746675,1.1092747605320399,1.0629629551214224,1.0909151655305236
2016-11-01,1.1729288957431256,1.2253525712001656,1.264963135681505,1.2014045279143493,1.3154283030752074,1.3069040267459828,1.3189124714822016,1.2708922058643595,1.3093532341699856,1.264885799086836,1.2979354717444112,1.2373582328752546,1.1862777575193233,1.2435887182315712,1.2864031878925075,1.2255850370154697,1.3421124604284715,1.3359038138285066,1.3500564888551807,1.3040195425680439,1.3443120062623646,1.3015325390756578,1.336134686122735,1.2769820050780607
2016-12-01,1.6849337909939663,1.7470116015559258,1.685586335708489,1.8171288536965922,1.7920151635436203,1.782199049803187,1.725682603701844,1.7472291616077325,1.6951320739004894,1.7326801545781871,1.680255960565244,1.562307998824945,1.7152147977854348,1.783042770700259,1.7228171871827618,1.8546879971197068,1.829710544530986,1.8199658328756818,1.7634814543385808,1.7850274129431163,1.7329001509634645,1.7703908116460958,1.7178840414516696,1.5998302984291326
2017-01-01,1.9901560657589126,1.9385127338691446,2.0712047823964492,2.054059452671721,2.0373838386513916,1.9709919736337955,1.9879670406856904,1.9272495771438596,1.9606364309691198,1.9103881187672653,1.7959051237273371,1.7164433067543943,2.009522749801473,1.9612156075737124,2.094239222763866,2.0768716220047962,2.059880633125672,1.993166544954055,2.009828343397347,1.948809128204627,1.9819058350588286,1.9313786188334046,1.8166275319661942,1.7369080065304552
2017-02-01,2.2792553492235474,2.427746081172561,2.4119888626511443,2.4063169893968794,2.328050454760247,2.328235413433178,2.2622742461466774,2.279676371157826,2.22231997687559,2.1086782454912356,2.0340137836333407,1.918188702762152,2.303029553818017,2.4537898072631745,2.436244485200392,2.428125169767554,2.34740821393518,2.3452612594822626,2.2771040973455867,2.2924435537071424,2.2331516187635785,2.1176948565188454,2.041329443715577,1.9239113559507104
2017-03-01,2.4476832939044493,2.433662106605628,2.4290067176499925,2.352708400957228,2.353015571391944,2.2864737483195796,2.3029895206099815,2.2450557779826634,2.1310716250298984,2.0574008956292933,1.942660522823278,1.9454277935802164,2.4462597171258325,2.4306687332639494,2.4245052289697324,2.3467956872561,2.345790559910192,2.2780312266765033,2.2934191741039123,2.234442224792348,2.1194946337382348,2.0449356277061757,1.9293777700973578,1.9313942053670667
2017-04-01,2.6947027299852984,2.700166792817147,2.6238250241771595,2.6288308276159844,2.554927482007597,2.5577710972326337,2.4938331326229317,2.3683946062283163,2.287023586710083,2.1701386755173684,2.172911031785944,2.071960567523394,2.7174552535429464,2.72342711644003,2.643543663421139,2.6444538754573967,2.566562976414004,2.5656432595824934,2.4981777045362676,2.3694392081641693,2.2849844440979976,2.1652204763214336,2.165307364568219,2.061854449239311
2017-05-01,2.916059495881394,2.853883097617805,2.8643064349562213,2.8023255256165718,2.801302327083088,2.7313134423422896,2.6071890033900362,2.518670477783402,2.400601487636944,2.4058009464489385,2.310606513818756,2.2735787143057045,2.9257874415323584,2.8613645610683562,2.8674772375900552,2.801038200292966,2.7957692012208657,2.721803931978327,2.5939712717607772,2.502000680515009,2.380722261663428,2.382941672474929,2.2849838979582606,2.2453974067161737
2017-06-01,2.5884837577873663,2.5818230418445633,2.5114799264469636,2.4928436359598027,2.428530156537459,2.3140700665090077,2.225110911668437,2.1173362410626826,2.1247301721062013,2.0273430637528222,1.98268827708703,2.065686091570257,2.5740581267257356,2.56222912218557,2.488674208181095,2.4673701399816554,2.4006520158837383,2.2839873745598305,2.193003032694349,2.0833703801586183,2.0890634425924124,1.990123285066921,1.9440545093133839,2.025769100790546
2017-07-01,2.583477685950911,2.516661583641527,2.5002321116058828,2.438942571928355,2.3246136134689546,2.2354905462679944,2.129032552038781,2.1360193667443537,2.039535207888491,1.9963050810009495,2.081370840726241,2.109383322399061,2.5761343682977853,2.50599848895689,2.487178822119731,2.4238197865995033,2.307615737438621,2.2167797432177117,2.108757393298447,2.114318831290344,2.0165398214725214,1.9721374824097222,2.056146219926339,2.0832098176620817
2017-08-01,2.837938439759213,2.838304819660653,2.7843729250413767,2.684236070219878,2.5867496743206235,2.4622752463742397,2.4641429003452195,2.3550815468718542,2.303473739732213,2.38909828584489,2.4219707265840658,2.386880582417166,2.8536733968237136,2.8530333169212683,2.795147250796306,2.690738228848032,2.5891524443812624,2.460832893046493,2.4591133525519413,2.346712071860493,2.291998759455495,2.374739493894916,2.404937620778553,2.367371052947174
2017-09-01,2.982021826319017,2.936221451054026,2.8405418664056463,2.749702416598168,2.621825906019336,2.6154197631992955,2.5035772156258447,2.4465935549757,2.528087985458878,2.5625184433288792,2.5306533986709883,2.4828846629566104,2.985479886475028,2.936435305436808,2.8364836241148956,2.7414231983869954,2.6095712342132997,2.5994598025845543,2.4841747006494344,2.423998212831851,2.5025360353715667,2.534233046779019,2.4998452670642872,2.4497526710401516
2017-10-01,2.912306112244893,2.8143969346487414,2.7217116238365473,2.59058943531397,2.5843370871155726,2.471418745563841,2.412799085159701,2.494477824335038,2.5272848514977513,2.4938305461874744,2.443499968118362,2.463100886960202,2.910032192796104,2.8082154804018433,2.7115514910565293,2.5766672367270993,2.5669122457137012,2.450746925611916,2.389123815603137,2.4680294527660496,2.4982808837395445,2.4624762272954275,2.409988885512238,2.427615554554404
2017-11-01,3.0895179547804794,3.0109959592868116,2.887479141326336,2.8975173374257923,2.7772192875080157,2.7060854487062165,2.7877675792767973,2.8116123084182782,2.7768880336152457,2.730146318133396,2.7583318894787445,2.7025976993354877,3.098674454884563,3.0173566379844377,2.889058351098178,2.894216599681842,2.7692856250616855,2.693817783601998,2.7714613588740824,2.791549579244286,2.75333616180224,2.7033583322658004,2.728547106168037,2.6700423769776975
2017-12-01,2.8514108236855606,2.7214245518462263,2.730963421519583,2.602361930088739,2.5369007087971407,2.6272563656191092,2.6506247890009482,2.6206101018111476,2.575549763350155,2.60475687015751,2.5451227467244433,2.5264151653350964,2.8363241927958853,2.7004911571044534,2.7061468101362807,2.5742364912123707,2.5057666707531285,2.5933514161763074,2.614164664201924,2.5817967743169787,2.534573473665284,2.5617969695786975,2.5003482936364914,2.479985454094075
2018-01-01,2.8457074760986707,2.864018909546065,2.7365768832557116,2.6794885291568598,2.7655055389808094,2.7802270931950743,2.7512409792262544,2.7009291128593147,2.729260501520901,2.671114109407652,2.6571045200814045,2.6137334107591044,2.844228523982487,2.8586360477414945,2.727071167608566,2.6660431421099173,2.7483673404625963,2.759643583080603,2.72744899875458,2.6741532453457686,2.6997132718527417,2.6389964984572836,2.622606516177196,2.577034546985083
2018-02-01,2.7524479781545277,2.6222253286260706,2.5671208692629772,2.649574208754395,2.6665399894585473,2.642191766773478,2.5906825361213404,2.621357844924434,2.5631060521461113,2.5496555783709702,2.50496451493695,2.5250733379655705,2.737606210283069,2.602259225361397,2.5440201167896466,2.623870333758552,2.6384823458695776,2.611968466367022,2.558462288394555,2.5872981983456627,2.5273553170067964,2.5123535470595386,2.466242939656474,2.4850563466805795
2018-03-01,2.269792185731543,2.199997003117758,2.275279733097484,2.274437657777811,2.26225797391776,2.2280309942292784,2.2622926419131892,2.219246108497716,2.2064080337746743,2.1591025829131536,2.1710455590808233,2.2364139533634617,2.250133964534617,2.1755263952868287,2.2489105734260044,2.2468084749934163,2.233569459954335,2.1983958420260556,2.231802346755034,2.1879839093669387,2.1744515964181446,2.126524720444308,2.137914568917753,2.2027938713586224
2018-04-01,2.388691277402255,2.4765973972641913,2.481285209030435,2.481738381377677,2.440770783713458,2.461306304208914,2.4161943981825975,2.3941004999761044,2.347530480644366,2.3616444450050342,2.4326083205377276,2.395766658926322,2.387761731602502,2.4744872890988847,2.4780336066557194,2.477435082512256,2.435510453695207,2.4551798928786672,2.4092877290152077,2.3864942296072864,2.3393003111646897,2.352861374156718,2.423338888914849,2.386073186783689
2018-05-01,2.511348767254577,2.520424869127144,2.52200036879996,2.4817416736777242,2.5018461287106795,2.4518946525492153,2.428895197718104,2.380976856693737,2.393851757662761,2.4662181853395713,2.4306117612054052,2.4283263801649357,2.509741051848009,2.516976718646278,2.5167696313171684,2.4748370493266454,2.4933808462347318,2.441977732017046,2.4176300079294237,2.3684610785503293,2.3801776091804854,2.451472686366273,2.414876995217158,2.411679745350417
2018-06-01,2.4101956708308276,2.4054379769498566,2.3607881282773726,2.3719825998238373,2.3262975273700266,2.3090019114744558,2.2617512269654005,2.279453272575854,2.3498550199797763,2.313671641778534,2.307303203838733,2.2885014196599927,2.4095411801429223,2.403462077398663,2.357450832558644,2.3673609102739106,2.32048636419263,2.3020950646819127,2.253837884540001,2.2706175711852494,2.3401761733692736,2.3032241711097607,2.296157177805523,2.2767226869059978
2018-07-01,2.5277609662775617,2.4857441808737017,2.5054199662663734,2.464267519958451,2.4410569558450694,2.3915498568531977,2.407675879760673,2.4726130973564353,2.43901824549788,2.432480636778617,2.4165056864295127,2.414182687915225,2.5326945046476403,2.489537068599453,2.507022144117579,2.4636011762669,2.438226963518967,2.3866901890349923,2.4009199944195156,2.4640884742341806,2.4288456166922416,2.420774118144758,2.4033730710482253,2.3997257582417926
2018-08-01,2.5630835058978976,2.585958632020204,2.541246997974006,2.5187395323078277,2.4668795620635326,2.472725410128225,2.534497127867072,2.4988983365111097,2.4874672243157265,2.4706209263042274,2.4694343657294526,2.394401854425959,2.5667593950288956,2.588006660231722,2.5407832973536877,2.5157353032187477,2.4614652017747605,2.4650549859530755,2.524722278488735,2.4871635290293383,2.473909165465096,2.455368768821176,2.452610054542167,2.3761204853943707
2018-09-01,2.4099591694850138,2.3588478222858114,2.3339579552541063,2.2774725656630297,2.290543403856338,2.3632219535753567,2.3318393470088257,2.327869546858502,2.3128928297712466,2.312798722421412,2.234887812588779,2.2335373799536007,2.3963918205386787,2.341591288452303,2.3150083390013467,2.2572883299062245,2.2692799075819807,2.340971835808033,2.3086794862435265,2.303870379914032,2.2881203386696867,2.2873149863303257,2.2087512725108733,2.2068030398313994
2018-10-01,2.344301383542481,2.3190789969924253,2.261407030361001,2.2727194269231212,2.346421950663056,2.313879616963387,2.309952639418664,2.2950855150850225,2.293540261153226,2.215554343159655,2.2133942846271264,2.213742489140532,2.34305510327659,2.316074241945705,2.2566402741270326,2.2662802718503694,2.3384131480456487,2.3044018642491824,2.299101873006463,2.2829526048779214,2.2802111584813995,2.201110306364306,2.1979121102239496,2.1972947350834864
2018-11-01,2.265628793409403,2.2074450727566073,2.2212324767871316,2.2932292375388617,2.2620059405118167,2.2612270326885606,2.247876032513609,2.2465204209116014,2.1706154570945415,2.169519954566551,2.170143473230852,2.1512351212001906,2.2584409494465887,2.1981272449166362,2.210816762385231,2.2819655995921138,2.249990132275377,2.248522270862431,2.2345366834465654,2.232596715710151,2.1561545287087935,2.154566156976896,2.1547385559236982,2.1354183701397353
2018-12-01,2.0238227194545444,2.031431784828932,2.101955766934839,2.0665910911224867,2.0750378458762055,2.074599699368561,2.077596401641284,2.011095461616044,2.0125389145401162,2.01357689922837,1.992346703772608,2.0494396698839483,2.011461451349662,2.0170799151882166,2.0876179402502797,2.05264118586821,2.0615324467905087,2.0615342178283047,2.064954993255185,1.9988607316254108,2.0006937823629887,2.0021049351298283,1.981232168760361,2.0386674988645375
2019-01-01,1.8097267896719995,1.8749680853330066,1.8389957494737945,1.8415897645500239,1.8509545915085017,1.865684272143844,1.803832093999256,1.813421796624534,1.817467083717026,1.7964033511068258,1.8525865651271305,1.947664980312031,1.7918696639475462,1.8546221617903658,1.8191578376577835,1.8227866502796692,1.833223157745498,1.848967320664552,1.7880573104954145,1.7985173529128613,1.8033645764556658,1.7830382166787089,1.8398979982428703,1.9355957614471846
2019-02-01,1.8789346692784188,1.8428788763506834,1.8448635792656944,1.855776697045403,1.8706528301988115,1.8092580646744656,1.8187346972216938,1.8240876919914868,1.8029298113088583,1.858800714539617,1.9532259627346702,1.9881867883628728,1.8789835731385456,1.8439684916547197,1.8471219217387287,1.8591604388019263,1.875087774568499,1.8146674836339454,1.8250448951854066,1.8312289520788978,1.8108364125239629,1.8674107688302437,1.962481223689274,1.9980324619831655
2019-03-01,1.867871699517598,1.8692405648500017,1.8787979472064749,1.893241324326237,1.8318506871680584,1.840730959254299,1.845537354479249,1.8247200446011635,1.8796715919888112,1.9731897594551613,2.0072750342948793,2.01205226435126,1.8742720582547558,1.8773403760645124,1.8876089327968384,1.9025279406149942,1.841531753125418,1.8507585955010997,1.8558724010914858,1.8353269846926121,1.8905174232126063,1.9842436686454965,2.0185082393809473,2.0234378947819383
2019-04-01,2.119185297987635,2.1353285471542294,2.152391924070532,2.1024017216357076,2.0989509775419553,2.0906249932412933,2.064012770021615,2.108829705501547,2.201370097349067,2.2355780402721166,2.2423402184690233,2.2159321058428207,2.1307386830758257,2.1485130837541804,2.165222487948045,2.1145037474916606,2.110275743132327,2.1011887776268368,2.0738439339145027,2.1179579933743624,2.209824511613039,2.2433864541698454,2.249529340082754,2.2225275115185332
2019-05-01,1.9837075974543026,1.995538858613194,1.9421772220497466,1.9337224290691728,1.9325014824306752,1.9147113426660098,1.96344617017251,2.0627330032217843,2.097169553481988,2.10259994710607,2.0736084667109083,2.0916967721865913,1.977253020332407,1.9884227453602639,1.9355250066402085,1.927719757823646,1.9271466384830997,1.9099670190299545,1.9592699924131491,2.0590835805106966,2.094007594967664,2.0998883873500045,2.0713123960783055,2.089783332618576
2019-06-01,1.9985084953922392,1.945322839143622,1.9391971343399241,1.938503342658526,1.920367821980614,1.9719860088904486,2.072292852752119,2.1077899229321138,2.115106357547447,2.087558616192959,2.1074333442720885,2.0918099748899484,1.9984415467005785,1.9454444034036786,1.9395328659415665,1.9390342556006859,1.9210675470649001,1.9728282185382235,2.0732526725459586,2.1088441345970703,2.11623336238894,2.088738354255957,2.108647208410039,2.0930407274569585
2019-07-01,1.9298129427124362,1.9227712785604136,1.9214668346799657,1.9029018493350514,1.95675512568785,2.056678128689373,2.09245433451355,2.1012989810066585,2.072976842857898,2.092099521075959,2.074932862678924,2.0602889045043042,1.9297538636195501,1.9229168137512673,1.9218431382353887,1.9034889352576048,1.9575253893847284,2.0576040251228034,2.093509837538581,2.102459792523175,2.074220354140632,2.0934047283230814,2.076280277336963,2.0616604663524947
2019-08-01,1.764330793393776,1.7603970068397599,1.7423514094957895,1.7927361499968113,1.8976662026956774,1.9437527407654211,1.9585522101698924,1.9354333568736746,1.957330669534174,1.9418345664573782,1.928631972353303,1.9577296496324117,1.7519887076929468,1.7473107511892405,1.730742290238254,1.7829378075395976,1.8896374850493023,1.937383049663591,1.953722867585019,1.9320296889692363,1.9552441484048024,1.9409629581200338,1.9288790963342446,1.9590050738178402
2019-09-01,1.7837305141235635,1.7674120004331078,1.8200359785473808,1.9271800753212744,1.9717533921776145,1.9880675425898697,1.965073405529834,1.9864222990586005,1.9725670750514313,1.960872665620715,1.9918989141574521,2.0201063932218557,1.7839795425854945,1.7687261483344539,1.8224900453831054,1.9307049088590498,1.9762560685764836,1.9934553178196726,1.9712582721353957,1.9933216451630396,1.9801035706559638,1.9689740058591643,2.000497545867756,2.0291392497121032
2019-10-01,1.4507945701293814,1.495403699307845,1.6001001123203789,1.6342328016884438,1.6641132708489241,1.6553646461222067,1.6863474513843766,1.685055640464741,1.6746635762301725,1.7049759678097225,1.7312196428271485,1.8277105075569973,1.433580484075289,1.477590006380355,1.5848301282603245,1.6219451907956595,1.6547126498718907,1.6486587164864437,1.682134579467707,1.6831419742010958,1.6748659792713994,1.7071221198989608,1.7351475937229963,1.833268144550167
2019-11-01,1.448259831275095,1.5500292745769115,1.5861870872456822,1.6186817955838884,1.612627949527295,1.6491197187036049,1.6495688920851272,1.6435545594064596,1.675726189284865,1.7026629061367362,1.7982866988055288,1.8542274965819525,1.4440077158334768,1.5484987456728838,1.5885305426546388,1.6248820048799095,1.6224445919550632,1.6622813379056034,1.665811207415308,1.6626275255416265,1.6973947296729737,1.7267063949075867,1.8244982228160431,1.8824131059307796
2019-12-01,1.391282500922494,1.4194081202461621,1.4481883208419832,1.436781755108597,1.4816748800765105,1.4888379886558036,1.487960961496299,1.5287900268711268,1.5559012373410013,1.648405837805731,1.700063323057405,1.7768136519753408,1.3855663873024213,1.4151091226761325,1.4465872703772764,1.4379402866047934,1.485410741717281,1.4949297925046234,1.4961906397258904,1.538951133226271,1.5678000868606556,1.6618611696593935,1.7149056825008622,1.7928847418567508
2020-01-01,1.8571088600599361,1.9015218576393806,1.8946162169043301,1.9528979377234428,1.9399305744224218,1.9198085826443545,1.9472392123105398,1.9539582811074017,2.043796823526294,2.101017194029089,2.1831763159981805,2.1082071488401017,1.8915955560536115,1.9437813765677074,1.9387254156210496,1.9974963187990635,1.9846627905308605,1.9645443216625178,1.991901895893702,1.9984872312517699,2.088138701610912,2.1451238720193158,2.227004172395081,2.1517166909346233
2020-02-01,1.7076304994335108,1.6942280430636891,1.7504759954566393,1.729166486969044,1.7185927497553728,1.7572332757462148,1.7706654396718726,1.8702433550780622,1.9285369778739188,2.0079307663092876,1.9320365829695765,1.9651474815964203,1.7011952984198995,1.6883141688347354,1.7463982072680677,1.7270476152471363,1.718311904432426,1.7586274213041353,1.7735717963274018,1.8745078910358284,1.9340157017311057,2.014489513256024,1.9395505072947408,1.973500512558337
2020-03-01,1.4593172428469732,1.5098046166505137,1.485633067273956,1.4649743822719428,1.5142088777940854,1.539178168659608,1.6457534798364624,1.7151684064720296,1.7960927519119947,1.7180894837860592,1.750064887924925,1.809842179174339,1.4472900772546458,1.4981970690124733,1.4768630642273415,1.459325016950373,1.511520685351048,1.539211210210256,1.6482641569583532,1.719925134244054,1.802878562281071,1.7267018679957795,1.7603150868787363,1.8215543933474752
2020-04-01,0.8217827820628177,0.7824398951666023,0.7596651641301394,0.7780064733131304,0.8246283699205983,0.9633479204887591,1.0546947100806212,1.1656964273802053,1.0898623263099498,1.115624440111659,1.1717209597813079,1.3440056087748793,0.7771034364800796,0.73429133387947,0.7166508835147765,0.7415770356718377,0.7946858771170843,0.9394788794457364,1.0364401525403366,1.1526100645090491,1.0815220899151583,1.1116338247101643,1.1717081821096846,1.3476223470661237
2020-05-01,0.4867303407811861,0.45234106760743337,0.4716189942236298,0.5070101621842512,0.6551977622955365,0.7552836040657244,0.8737868713964669,0.8101381752497074,0.8348153669027681,0.8867816546843712,1.0544449203394484,1.1645696301282078,0.4700141001187743,0.4394125854449357,0.46659157176315463,0.510279757568901,0.6663423715889156,0.7737251952017078,0.8989411967775262,0.8414474354743836,0.8717541416992561,0.928856795517559,1.1011941380713575,1.2155598573648596
2020-06-01,0.641268867946318,0.6655670715336575,0.7028148084588216,0.8661961923375632,0.9666657081667775,1.0769372016882035,1.0049974174079062,1.0177160917191224,1.0711369837856743,1.2425762527378812,1.3532394586342231,1.3837606476208972,0.6525746390039208,0.6864723723840983,0.7323476971982456,0.9035898639111767,1.0112351317518287,1.1280488497124168,1.062060433643714,1.0801784758263613,1.1384830240226647,1.3143243381642666,1.4289400667536618,1.4629944559533865
2020-07-01,1.205436761437212,1.2668796492597731,1.4188916848706017,1.534374014352806,1.622688867407733,1.5354991756711474,1.5308566984508376,1.5589860430775389,1.7331983192236304,1.8549077583156903,1.8919127919490804,1.8037274041264741,1.2413918782432904,1.3132013691299833,1.4692474461235283,1.587030297404591,1.6770231749889468,1.5911691699095403,1.5876015400894985,1.6165781903510485,1.7914311760642871,1.9135919028974524,1.9508742953478453,1.8628066923268964
2020-08-01,0.11733651558198781,0.24148023439480382,0.39088253965074354,0.4178609939132065,0.36363416207474647,0.3737046904539878,0.4690121048797038,0.6937535284109274,0.8123161655564547,0.8103218074817681,0.7262685303624642,1.021787695156964,0.060049050840614744,0.18172390143949912,0.3393117816237208,0.3760850427943403,0.33143452230017884,0.3505172039078242,0.4542301035136753,0.6867887184817957,0.812609779148815,0.8173455962584715,0.7395237336195137,1.0408036509211769
2020-09-01,0.7124742904269247,0.8701401674524175,0.8924463519048323,0.8811369494070626,0.8819284858359256,0.9757334944262762,1.1564943934683123,1.2591210457671969,1.260849549325948,1.1996992034697602,1.4889373361114835,1.4333130278453605,0.7376016511510772,0.9048445253997907,0.9334658256157784,0.9274888145535991,0.9330714303525874,1.0312291947917964,1.2159442374930807,1.322153397245584,1.3271163429745996,1.2688743061716048,1.5607152840066412,1.5074078816066365
2020-10-01,0.8932723173337555,0.9144514235560868,0.903756176530436,0.900102071432519,0.9943947036420671,1.172947917652585,1.2846216779935593,1.2837653378837248,1.223813511860618,1.5121449035990278,1.4581935287477785,1.4753198707205566,0.9080150967034969,0.9373008363962233,0.9330457572923555,0.9351160547714948,1.0346191329360337,1.2179299873351488,1.333942265090539,1.3370326527266174,1.2806607416777307,1.5722286605836577,1.5211925064816063,1.5409335950895902
2020-11-01,0.3569547281328254,0.3391106131530163,0.32468652365374245,0.3802217936188592,0.5846609953220447,0.6971124576482759,0.7312951472310044,0.6833335328311493,0.9692941738645366,0.8966313811520495,0.9180193115383898,0.9989686873657485,0.33847066270454135,0.3238197932318458,0.3160501720159562,0.37842286634260613,0.5893129811480965,0.7077495345624771,0.7474598744887069,0.7045915843201355,0.9952358921430591,0.9268709951889836,0.9521937828031924,1.0367365382340632
2020-12-01,0.652531989468966,0.6360447861275198,0.6981939482300162,0.9243181221945234,1.0107566089694322,1.0505740451478192,0.9855328036166199,1.2638482319341968,1.1906485750321414,1.2163159858672405,1.2981258072556077,1.3166043059942225,0.6724588709446078,0.6650636760263645,0.7338964100583084,0.9658476579034212,1.0575634575669834,1.1021884755419673,1.0415227416286774,1.3238103069356295,1.2542052801316748,1.2831140081870709,1.3678346307027993,1.388914921047297
2021-01-01,0.723321881724298,0.7893813244522606,1.0252448134752503,1.1134118291699362,1.153728555999255,1.0895716614378472,1.3605633035654978,1.285107839091582,1.3114611580280569,1.3944770987102364,1.4148101810683495,1.3626833297185943,0.730628163280869,0.8019807087771867,1.042427971114859,1.1347303442653793,1.1788018882240423,1.1180505330034858,1.3921219224792856,1.3194414818859048,1.3482847899610875,1.4335242336877547,1.4558318320584593,1.4054470198676832
2021-02-01,0.5110572487242655,0.7472561968084923,0.8203986640470484,0.850248341633384,0.8057993957856402,1.0708014741066598,1.0006477699879888,1.0423676382635996,1.1269621400564127,1.139627190024984,1.0878851342871603,1.1635853307612147,0.4978798710120633,0.7377213610793053,0.817101794424596,0.8532474402239291,0.8147186572260562,1.0852089649938517,1.0201223222198914,1.0665098240594506,1.1553952281495283,1.1719963471398438,1.1238563579372822,1.2028443787709981
2021-03-01,0.9870049564452037,1.0585495096241595,1.1075377860858346,1.0708905708613057,1.3145149996733034,1.260337901981737,1.2950739148106305,1.364899087749268,1.3829895738542735,1.3414072922846938,1.4132654290959206,1.4326066478579864,1.003444529470964,1.0805207987927818,1.1329208483367676,1.0990927285638852,1.3452202299425096,1.2932908351688646,1.3300419665981094,1.4016652888738061,1.421350716142646,1.3811730203357964,1.4542575238002684,1.4746583706205072
2021-04-01,1.5583410239615663,1.6015577621636037,1.5962926698348248,1.8498939729930672,1.7589169545277545,1.8154007043907718,1.8598128876356235,1.84509653674209,1.8145874724516737,1.8974467470525198,1.9022251783235369,1.7959458502034102,1.6037954231413576,1.655834684849867,1.6524174110713499,1.9064754305486111,1.8156202236513064,1.8720953252428358,1.9164123154917405,1.9015276157033896,1.8707843750561566,1.9533495325768868,1.9577792365840612,1.8511015279333742
2021-05-01,2.189452672577656,2.1779069671243865,2.46886910031003,2.402439629430535,2.4112965920895575,2.4775558671943054,2.4324865740830215,2.356263840318996,2.4414803694413583,2.470287646333261,2.3485819931615843,2.16257551930654,2.2321136690295003,2.2272794645836638,2.517559798071271,2.4490157443493477,2.4555648281525237,2.5195762721526713,2.4723667835475656,2.3941163679683295,2.4774139507933857,2.5044056838892996,2.380982472008481,2.19335121730043
2021-06-01,2.496607820184354,2.791571228237567,2.739979735994823,2.7581791732071728,2.804811734423051,2.757306385080767,2.659452498173479,2.726602047044962,2.7477213505325913,2.6299402605509257,2.441800604225549,2.4086096983832035,2.520366638007976,2.8168925460064074,2.7622307778441826,2.776569493368505,2.819381064582913,2.7682639789869365,2.6670327861248944,2.7310336241269826,2.749220813497976,2.628711465440064,2.4380350805890347,2.402487285593195
2021-07-01,2.279495741755957,2.223941847683101,2.207796570464143,2.231991094734504,2.2223927822297314,2.1095396213743114,2.211015691431149,2.263797864983219,2.152441507529478,1.9494922661470622,1.9108364529802124,1.9377701410339807,2.246933857681425,2.1866333080068494,2.1718447458790613,2.1986292555594185,2.1917676898816985,2.0815612075406795,2.1855475628584156,2.240699725654142,2.1315783302276485,1.9307360129687998,1.8940661404142958,1.922871550760141
2021-08-01,3.2002431578878077,3.1824190683957525,3.2658446651812176,3.2951719398538954,3.1318921630171404,3.24652747157779,3.227492609250857,3.0812055425206126,2.852880167252223,2.8115018895587833,2.8728541477789284,2.6058415412306966,3.2688793231282696,3.25613991185063,3.333366893764618,3.354895324669401,3.18398627245665,3.29146256416929,3.2657681733583264,3.1133013490902504,2.879248597785097,2.832567858051304,2.889016360619254,2.6174739361931794
2021-09-01,3.0039279597270454,3.082721213112272,3.0966341314444623,2.9224031375375703,3.0442389389303877,3.022859070597224,2.8912937270504817,2.6654705840382604,2.6302131909194104,2.6905142376759947,2.414300153037375,2.490643372152124,2.9916681911767604,3.065630524152592,3.076163580177923,2.899023704457226,3.0182477881688587,2.994510408379519,2.8608207825659933,2.633089996836991,2.5961265157149396,2.654908939455003,2.377350477282473,2.452511154521539
2021-10-01,4.21747552834429,4.303570146058226,4.187419123553203,4.396740724221478,4.341581948153151,4.239685953579124,3.9356020971732875,3.8698058158329416,3.8833803035511445,3.64914216434704,3.753150512925251,3.2880934296620237,4.266156336396094,4.351240282488402,4.227198843203923,4.428103580659083,4.36492124291448,4.255506123012328,3.944399490464727,3.8720521791686444,3.879521513876908,3.6395991781172206,3.7383205894810376,3.2683513426174833
2021-11-01,5.2648517296645485,5.236209471150274,5.4983175139480265,5.517002621224218,5.421921257014021,5.17291885925106,5.071113035067868,5.067839762612025,4.807762080052242,4.952889068507484,4.508344762668886,4.179518908340499,5.31795335672824,5.285720176192739,5.534371447889619,5.538468819691741,5.429271103854927,5.16689171903905,5.052467739535401,5.0373094039553585,4.766046824976709,4.9006560395443035,4.446229191798853,4.108125479702039
2021-12-01,5.376838360358938,5.649952230412658,5.673988010572209,5.58418882897136,5.341841551522058,5.24037220356269,5.233451087552102,4.974605317514807,5.1156727567918985,4.673854518212998,4.345741002083215,4.145132800078946,5.381292266651628,5.640069769412551,5.646919549391213,5.540166343208486,5.2816645714546295,5.164917457032819,5.14357797435615,4.871138763158012,4.999401149959454,4.545530547355038,4.206083009503917,3.9948261895715427
2022-01-01,5.691182881340407,5.712588954025187,5.627070429016481,5.386252057848125,5.283902678673084,5.2875772913361585,5.031448168629325,5.176312946874628,4.737500388638789,4.414836909118417,4.22054019456634,4.124860329769958,5.679698992354691,5.684163740214796,5.5814256885631615,5.324088491495903,5.206079301266826,5.194952198369443,4.924848675691735,5.05653099599327,4.605292850109997,4.270926794079396,4.065618000326091,3.959585367408547
2022-02-01,6.1938761063478935,6.145366610191059,5.9452170568609715,5.882575101300168,5.894686268390853,5.666488008202051,5.819757968582093,5.37823601662789,5.05819268110579,4.8877399208116,4.8095462834317635,4.559788172687857,6.2243202444656704,6.165125792214149,5.947167944755037,5.865941813389376,5.859864093850491,5.61407504930541,5.750374364067614,5.292490562858401,4.956677028753683,4.7710279203818855,4.678194282382093,4.414335478887023
2022-03-01,7.07657459453615,6.985167343404207,7.034356993780304,7.1626257275485825,6.993282165926211,7.253869078519934,6.8448928175935135,6.541920997157672,6.391040569178529,6.403452836415119,6.228172115976716,5.826668935310612,7.114424370095745,7.00971991522269,7.035691430297227,7.13907716496259,6.944834475061505,7.180830811046807,6.747631960919211,6.420811920936626,6.246453494774907,6.23575182642026,6.0377147693684945,5.613806422626971
2022-04-01,9.212046197743232,9.589456830831685,10.025367049805652,10.241144602614805,10.842249684768733,10.904745343307196,10.84187475204726,10.945563751293088,11.109227964250556,11.376552855899702,11.418123762607818,10.816429384431636,9.330824363933782,9.713828249838949,10.127521804301795,10.313580783779097,10.882278689270791,10.910801643503902,10.812636614588117,10.87974330541941,11.005520647665813,11.233624799949945,11.23460819879388,10.59092518581896
2022-05-01,9.358178965053703,9.753645770001695,9.928380912135067,10.481713460024046,10.488964170287858,10.350593348624734,10.417645584165614,10.52518434020363,10.763694655266653,10.737003646576872,10.052950956779751,10.038017242823315,9.318363318881081,9.673921568709451,9.807903853412588,10.319462643642446,10.283864319015969,10.101540540851396,10.123512410429633,10.184820666870472,10.375927445257224,10.300636572493106,9.56676396306498,9.500766090221456
2022-06-01,9.843623354573124,10.02806432223656,10.598095029326977,10.622542412305798,10.49561354350714,10.575995239258555,10.6992144246723,10.95563379788827,10.951691600006612,10.281773506983534,10.287702027598932,9.965128976225584,9.828895157522986,9.980200108965704,10.512111251220041,10.496226704557152,10.327299980163444,10.364099082292554,10.442134167801795,10.651729867012365,10.599281035704516,9.87912796205467,9.83304643473671,9.456640333136152
2022-07-01,10.281710598831474,10.889387387389831,10.95047176829648,10.863836231392538,10.98926843703029,11.163384822099005,11.456727860659555,11.500148828496622,10.861738637659323,10.923284160838898,10.658960667937741,10.714953868186031,10.281287540783351,10.862229655984647,10.889829002274281,10.766892690468401,10.85395676058402,10.98773493514181,11.238732456079077,11.237734063435296,10.552756211601855,10.565507689536055,10.250082869379725,10.25258384872239
2022-08-01,10.320717642083677,10.291577899690209,10.113561629683993,10.134386798251755,10.18851601019793,10.32267578932708,10.285338636341539,9.526134468137334,9.531644519792392,9.122149769336454,9.000521202942396,8.919463880120766,10.263001637152268,10.194227572944085,9.97927161805188,9.962679618418193,9.978238694908471,10.07250966290041,9.99390287337969,9.192006588288537,9.15336388488087,8.69821758936195,8.529399811905321,8.399575845757743
2022-09-01,10.062451634278391,9.845459399019843,9.825928206335774,9.838843511202626,9.930468422968788,9.823751803997707,9.034128375009574,8.986720514231658,8.570635901762307,8.395818974736592,8.242487979989589,7.950575701691157,10.047696916035624,9.80546162402975,9.757667623312813,9.74071700024635,9.801115513691231,9.66182621462471,8.838252806934493,8.755476944195332,8.30256272971247,8.08940947477192,7.896188977406555,7.562786266685564
2022-10-01,11.113528321939285,11.300694044334941,11.520985370696074,11.831648711610233,11.942503982285155,11.530536260356781,11.682780583538957,11.561086560726215,11.486741068101736,11.623138172025293,11.703577561117148,11.32552422448824,11.135854672208447,11.309603516781829,11.508716164387394,11.795565507576148,11.880865314689416,11.441708818875957,11.565091461941556,11.412793502047625,11.306024459901408,11.4080969730485,11.452225857651365,11.035787801689457
2022-11-01,10.762065729076433,10.90732234522065,11.134061998448317,11.157933274560113,10.667575400570549,10.680963944566864,10.4678385060419,10.279243459084745,10.347774902868467,10.310488115262372,9.782967814150858,9.655704886453085,10.698419117957867,10.80771916435387,11.002402910665333,10.993829138042152,10.469835897645408,10.448220961370431,10.198656739593735,9.972139236652927,10.001218549986698,9.922903353502313,9.352730600479333,9.181142125094132
2022-12-01,10.614190693439282,10.799515941432063,10.778086779954682,10.241207801320082,10.210644400693225,9.921840844665274,9.68930153448507,9.699743284697549,9.63190540239277,9.043671557323384,8.836154648631426,8.594930177211394,10.573301010293852,10.730883743626324,10.683470004796499,10.120194459986534,10.062393467579362,9.745410630361851,9.483711256044595,9.463984232883982,9.364942578807112,8.744443501172311,8.503572911011634,8.227878718044536
2023-01-01,10.086683568827384,9.966898626344689,9.324246364335037,9.17558406748734,8.785139234852743,8.354639847203119,8.262251457170647,8.060552264762238,7.432823101663807,7.091097143714642,6.660487552493145,6.667505107020524,10.022618826921976,9.869183297411778,9.198608795467083,9.022704939400194,8.604660743449678,8.14598409359378,8.024787407732493,7.793629714253396,7.135779482026386,6.763258787249117,6.301169820979433,6.276012287420625
2023-02-01,10.39885968979708,9.826294223795927,9.753142983357266,9.439420626560624,9.076689870643142,9.104470732995154,8.964201913512525,8.423550873683043,8.09306506927228,7.7468852982796745,7.8675521758953835,7.355786610106904,10.401662035963453,9.814894668645339,9.723878298491245,9.391122339507698,9.00864757034732,9.0160494616401,8.85477012702332,8.292466711172048,7.939673566928906,7.5705176544529955,7.6675253975021604,7.13140322676302
2023-03-01,9.457235686892309,9.335330896596851,8.970435127579213,8.552943255202377,8.532734425663653,8.31349871985014,7.725418702179141,7.333659957078207,6.968033902156897,7.024326082005366,6.434655465496383,6.099526353324811,9.409911722019336,9.262604094127454,8.87603882525508,8.437210368967191,8.395357876217178,8.154046678988882,7.543430709907206,7.128664795154968,6.739552860323127,6.771873496437418,6.157738747141729,5.797645920097369
2023-04-01,8.454515086849982,7.9979773228529325,7.4785037499734885,7.348809342821781,7.036281850697901,6.301861614591249,5.821557461760034,5.340320606611204,5.363017813708699,4.64498872101383,4.166192364653348,3.9337205689280146,8.32957742831458,7.828303904829674,7.282105474703033,7.12977340062881,6.795577567476895,6.039759618211787,5.538171279793212,5.0357279232142025,5.037287622616827,4.298187410952633,3.7983850881792933,3.544971555281171
2023-05-01,8.286118894738644,7.815290379971685,7.749101426597574,7.506341640647553,6.82799656215149,6.441569596075002,6.012691802361615,6.110720808150487,5.398199043232683,4.999190034432864,4.870174470050134,4.335633895691399,8.273440963834014,7.788172764898526,7.707186610849424,7.449559043087341,6.756334165801866,6.355027270479283,5.911271763340061,5.994425668280264,5.267031413836669,4.853152444687311,4.7092693509070935,4.159863577046056
2023-06-01,7.4691897852807365,7.383633894139525,7.11102846302024,6.4044395864592785,5.98997972553865,5.538154357071105,5.609291828415647,4.869121826444847,4.4603739941213165,4.294422971005886,3.7243872282714445,3.4729016419920136,7.406093690918394,7.296031103554628,7.007103109511292,6.286006180041834,5.857517563853556,5.391862022585308,5.4493080704004475,4.6955718374716655,4.2733791143364,4.094102732020679,3.5108597924153204,3.246283905338675
2023-07-01,6.71867881827746,6.392628542078605,5.618516585285174,5.1279249831180955,4.621916314521374,4.580253694299001,3.7797171828876635,3.289143331152777,3.116513716999677,2.4635567949188792,2.1016042733670415,2.0768139561012844,6.6224283867517,6.2641844766869506,5.473268077164312,4.969714113730189,4.451842648111785,4.398762686781266,3.5870955938003646,3.0856367952170003,2.902354695398379,2.238971268568109,1.8668133928855006,1.8320344944272866
2023-08-01,6.333873495666818,5.5585185991669475,5.066623696800849,4.559137930419644,4.5151609450093595,3.7157923822377548,3.222942897248277,3.0485726733917615,2.39340429400534,2.0293691966294376,2.0034128228198322,1.6059265293192262,6.310795550977041,5.521461297682958,5.017889314188191,4.4994386469374374,4.444834403772702,3.6350855458960694,3.132078378890389,2.947764280581388,2.282860714557664,1.9092949148238123,1.874008388007432,1.46738867235773
2023-09-01,5.909090438434885,5.46892731724894,5.041945310400071,5.084849691165158,4.340660428734159,3.9502242513997223,3.844104408364314,3.26213828746704,2.886740485421035,2.9487199254244434,2.666892808612957,2.275889093404659,5.898581926732455,5.447617133050653,5.009939186409464,5.042343042447859,4.287866337823774,3.887356741086331,3.7713746005942013,3.1797535648677844,2.7949043517000938,2.8476320276710925,2.5567489963573995,2.156881485281006
2023-10-01,4.026255220011058,3.4761927661392398,3.3426842486570068,2.3999773984701047,1.901603903086708,1.5444597694081048,0.797570964588055,0.2603596140746139,0.32815490409445464,-0.15512967094700528,-0.8177861801712746,-0.9527746338106521,3.8615020486999847,3.2700271351187014,3.1252122941614116,2.178601323636529,1.6781953037246946,1.3195411800850783,0.5713340817297451,0.032913291044967284,0.0995856042362336,-0.3847430871803323,-1.0483687890384379,-1.1842544917827427
2023-11-01,3.4212749940009637,3.3082401735224605,2.403729484082493,1.9449894810712596,1.6077872179990305,0.9200302425848012,0.41911557929951454,0.5171152052900848,0.037363035842323956,-0.5793149731299768,-0.653940721423146,-0.6894793833045291,3.365505705105148,3.2365240180217967,2.3261586990032845,1.864174113454675,1.5244525944577034,0.8344253106570364,0.33136729897728,0.42731777415596417,-0.05439960113856287,-0.6729634005700031,-0.7493985555789858,-0.7866728388032859
2023-12-01,3.906125660712762,3.0756667411841594,2.765687389323331,2.5778768649006807,1.94404073853784,1.6531799253931307,1.8838708602644323,1.4965195805809257,0.8803460618053135,0.9831461258583257,1.1504173697415985,0.8898916652949419,3.9027364506437614,3.0687335711467907,2.7552665971053543,2.564074529943167,1.926972508504927,1.632961074954183,1.8606138909899566,1.4703337002042032,0.8513371302108753,0.9514167153812346,1.1160668519033499,0.8530163021078208
2024-01-01,3.2197875805467198,2.923283681355598,2.7627511252683186,2.1585326424572693,1.8761031442694058,2.137038361893187,1.77240767728698,1.168683510777971,1.265926908491779,1.4643641705197135,1.2354587648931032,0.9459550658755171,3.2260060942841697,2.9280164452941073,2.764190413690624,2.1563326398364215,1.8702780919025195,2.127688854987148,1.7596527445200791,1.1526438256643525,1.246720703841037,1.442106307003532,1.2102605809821683,0.9179244196177564
2024-02-01,3.2250584674352685,3.1146078931377414,2.6361560515004037,2.4612772699103425,2.7629577126865654,2.5628847773599635,2.062199810914571,2.2186753961608194,2.406128418658764,2.3043777497793414,2.1669557389958225,2.239996775951855,3.17531035042197,3.051940375164824,2.569737762104825,2.393403685329685,2.6942160345065744,2.4934372487142134,1.9921025928233933,2.147957812152858,2.3348126584513107,2.232483778609071,2.0945025306540184,2.167002632002578
2024-03-01,3.079371633876955,2.61351400016804,2.4578410124040206,2.777692301393516,2.587596119772567,2.1122608977686457,2.28324082790678,2.4853403529702294,2.3951116554270975,2.2777984255255093,2.373038393041935,2.327608723514139,3.0569159759849485,2.5847671714851725,2.426849045143815,2.7454779157536664,2.554427572016914,2.078217965088301,2.2483560029725678,2.4496340716758733,2.3586010903960015,2.2404996852954886,2.3349670761251375,2.288780061944316
2024-04-01,1.8359660608345338,1.627741339909397,1.8423365409715124,1.557113354073076,1.0491825921367017,1.0641444533434459,1.1906633143340108,1.0553415414359133,0.976334498333396,0.9586303590087958,0.7854431609371127,0.899061918792816,1.7694955798650491,1.5469883039747219,1.7604882096472263,1.477426616144263,0.9723883665235497,0.990333562786514,1.1197667354663625,0.9872526308090489,0.9109400288978685,0.8958183325081372,0.7251047076469354,0.841091693927841
2024-05-01,1.8280855042728337,2.0841968305581573,1.8842290505398545,1.451394830156646,1.5034031237226964,1.7578993555887144,1.6839474461341248,1.6555631170609342,1.6559883495140681,1.5731498641983874,1.7927694765074083,2.0088620669613686,1.795797111141475,2.046920583786831,1.8489208776573935,1.4197253279403137,1.475673262173092,1.7340585283329475,1.6638580500449331,1.6390692116126175,1.6429333752981556,1.5633811193935916,1.7861391539801812,2.005227400864836
2024-06-01,2.2623331647509883,2.0769721121178524,1.67896053286979,1.7642286705388674,2.037159118265792,2.0225283763574384,2.01873211363546,2.0343624469272314,1.9461829825911752,2.205855723432407,2.4745933184269777,2.746255130646972,2.2633571149973815,2.0809005485428522,1.686156299517682,1.774666074215651,2.0507161306363497,2.039062149631745,2.038098399366367,2.0564204951336533,1.970796685610362,2.2328937913355236,2.5039292074076336,2.7777669110481074
2024-07-01,2.008153366524779,1.5972768921720668,1.6577427258739679,1.9050136245904465,1.8771135133494032,1.8311528858420607,1.831514904460806,1.7354099365385887,2.00092674573427,2.240092057924482,2.47716388678514,2.505659312955251,2.0291753904347196,1.625425935581202,1.6893371291160577,1.9390132890513903,1.913164010734539,1.8690801439329945,1.8711945771292602,1.7767335573021177,2.0437928836030492,2.2844039344977514,2.522828665388406,2.5525878226805427
2024-08-01,1.9168506922145614,2.0046656936077283,2.301854441320135,2.321775750130614,2.302080592145226,2.3954164451461484,2.3309375053072077,2.618408221879024,2.845595444064721,3.137173957319927,3.2418182691408077,3.1941997067822516,1.922842438208071,2.013457244771784,2.312540676893173,2.3340472468173346,2.3157852308559623,2.4104456934131515,2.3471968496796767,2.635809412655473,2.864054396094115,3.1566101195283878,3.2621543774547157,3.2153616390766206
2024-09-01,1.7493337416220822,2.0437103457663635,2.057330347069275,2.032373121570141,2.123560982447191,2.0455348508050335,2.328490801695281,2.554100215616337,2.848219859208205,2.947481858494527,2.890549273835726,3.1293260609482636,1.6986069767811862,1.9839545576481648,1.999084319899872,1.9781772652548204,2.0739067794676327,2.0003930062732502,2.287703628920235,2.51748226476883,2.815583602785651,2.9186441298719994,2.865332766362195,3.1075595628347408
2024-10-01,2.6217825388739535,2.6792674425839156,2.7506375377576044,2.919363357832171,2.8854957128974967,3.3209371989091294,3.605488315697744,3.9511922286424745,4.077230616720733,4.104416583502556,4.45622618696058,4.83273705555717,2.6704396432182342,2.7400736170060225,2.8145989726967557,2.9842340701427137,2.950685958891089,3.3862650522736666,3.670873517655547,4.016581067102,4.142577451173338,4.169679260182638,4.521364861390616,4.897713852223592
2024-11-01,2.613763915546991,2.664420541385548,2.7829369998299356,2.714781293535569,3.1264077220517894,3.3401907886560007,3.653652298739916,3.7526030391605407,3.758653825690986,4.069005468882552,4.392743069851655,4.517977312829174,2.638705547118285,2.6956973007258824,2.8159084426453003,2.748269502775948,3.1600941437540997,3.373971039256798,3.6874762232501115,3.7864350317456554,3.7924629565189267,4.102762999204521,4.426421799354057,4.551551382269461
