,Chronos (Tiny),Chronos (Tiny),Chronos (Tiny),Chronos (Tiny),Chronos (Tiny),Chronos (Tiny),Chronos (Tiny),Chronos (Tiny),Chronos (Tiny),Chronos (Tiny),Chronos (Tiny),Chronos (Tiny),Chronos (Base),Chronos (Base),Chronos (Base),Chronos (Base),Chronos (Base),Chronos (Base),Chronos (Base),Chronos (Base),Chronos (Base),Chronos (Base),Chronos (Base),Chronos (Base),Chronos (Large),Chronos (Large),Chronos (Large),Chronos (Large),Chronos (Large),Chronos (Large),Chronos (Large),Chronos (Large),Chronos (Large),Chronos (Large),Chronos (Large),Chronos (Large)
,1,2,3,4,5,6,7,8,9,10,11,12,1,2,3,4,5,6,7,8,9,10,11,12,1,2,3,4,5,6,7,8,9,10,11,12
Date,,,,,,,,,,,,,,,,,,,,,,,,,,,,,,,,,,,,
2009-12-01,3.257585,3.3577118,3.4350371,3.3864608,3.385469,3.448916,3.531198,3.7165813,3.8176994,3.905929,3.9872208,4.018944,3.244697,3.2288356,3.117804,2.9889283,2.9800062,3.0077643,3.1138387,3.0979772,3.124744,3.2377572,3.277412,3.2466798,3.0444443,3.1187959,3.0692277,2.9978504,2.9314296,2.883845,2.8352685,2.656825,2.6241107,2.6439376,2.6826,2.6865659
2010-01-01,3.6271605,3.7244148,3.6936507,3.6599097,3.6519706,3.7115135,3.7412853,3.7333465,3.712506,3.7541862,3.7680793,3.7452545,3.5884583,3.6489933,3.6142602,3.6787655,3.6241841,3.458456,3.3691413,3.299675,3.3383777,3.416776,3.4594483,3.4773114,3.5795264,3.5457854,3.4802883,3.5517402,3.5954049,3.5229607,3.5358615,3.4961662,3.478304,3.396928,3.3443317,3.3344078
2010-02-01,3.095737,3.0907724,3.1056657,3.137437,3.210909,3.294309,3.3677802,3.4174237,3.4144447,3.354873,3.3667877,3.3926017,2.8544724,2.742279,2.6827073,2.7412858,2.840572,2.7720647,2.783979,2.8316364,2.8296504,2.823693,2.8217072,2.8495076,2.9090796,2.9090793,2.8723438,2.9031222,2.8594365,2.8783011,2.9219868,2.9299297,2.951773,2.9805653,2.9607084,3.0014153
2010-03-01,3.4873314,3.500251,3.491307,3.521122,3.570813,3.6075847,3.686097,3.6721835,3.6821218,3.6493256,3.6930535,3.768584,3.5161521,3.5867145,3.64535,3.5916839,3.5728009,3.6046033,3.5777702,3.4982638,3.4823627,3.4078262,3.3382583,3.325338,3.4098136,3.344221,3.2388756,3.2498078,3.1176293,3.0083082,2.9377465,2.999364,2.9228394,2.9745183,3.0192401,2.9258204
2010-04-01,3.947244,4.1064878,4.20701,4.313504,4.440898,4.564312,4.6180563,4.578246,4.528482,4.5304728,4.5593357,4.5125585,3.7909858,3.7880006,3.8706079,3.8725986,3.8666267,3.9562016,3.9850643,4.030847,4.091558,4.134355,4.1841187,4.211986,3.5849655,3.543164,3.5590885,3.5969086,3.5799892,3.5700364,3.5003674,3.4705093,3.4356751,3.3928788,3.3908877,3.380935
2010-05-01,3.476268,3.5171185,3.4513593,3.4633155,3.483242,3.5619545,3.6077862,3.5221004,3.5011764,3.425454,3.3855999,3.3128662,3.596826,3.581881,3.5151258,3.4493668,3.4274468,3.3985531,3.3716507,3.39656,3.432428,3.4633155,3.4603264,3.4503632,3.425454,3.2929397,3.1673992,3.169392,3.2072532,3.2122352,3.299914,3.2530856,3.2012753,3.180352,3.2221985,3.2391365
2010-06-01,3.239505,3.1756916,3.1188583,3.1497676,3.1846657,3.2085958,3.1946366,3.187657,3.1637273,3.1806774,3.1707065,3.175692,3.2175689,3.1856627,3.205604,3.1766891,3.126835,3.0361009,3.054049,3.0370984,3.001204,3.0281246,3.060031,3.1328175,3.082964,3.0709991,3.0600307,2.9912324,3.05006,2.939384,2.8297062,2.7569194,2.7050714,2.6482377,2.5953927,2.5654805
2010-07-01,3.078199,3.1410398,3.1659763,3.1270752,3.1131103,3.0821888,3.0063808,3.0103707,2.9425426,3.004386,3.0612419,3.13705,2.9136162,2.9245882,2.8657374,2.8338182,2.86873,2.7789574,2.8328211,2.8457878,2.8128715,2.839803,2.7919247,2.7779596,2.9166083,2.899651,2.977454,3.0622394,3.0811913,3.188918,3.1001437,3.0333123,2.8936665,2.826836,2.7540202,2.6722274
2010-08-01,3.3119388,3.3897965,3.3698325,3.3748238,3.4377084,3.423734,3.3658402,3.3877995,3.4596684,3.4916096,3.4716465,3.4816277,3.1662056,3.1911597,3.3119388,3.3608494,3.3189259,3.2959685,3.3368926,3.3398876,3.412754,3.457672,3.543515,3.5564911,3.1143005,3.1512327,3.101324,3.1043186,3.0633934,3.0274594,3.101324,3.0264614,2.9476056,2.8567717,2.8288229,2.7649398
2010-09-01,3.1409194,3.269752,3.3136945,3.3087013,3.3646286,3.460504,3.51743,3.514434,3.4535134,3.4515157,3.388597,3.3846028,3.1039672,2.9891164,2.9381824,2.857288,2.769402,2.7294543,2.7544217,2.7793891,2.773397,2.8193371,2.9511662,3.0899856,3.0630207,2.996107,2.920206,2.846302,2.813345,2.7664058,2.7364445,2.7024891,2.617599,2.5466914,2.49376,2.4867692
2010-10-01,3.2300065,3.1540542,3.2280078,3.2909691,3.2739797,3.2210126,3.2260094,3.170044,3.1390634,3.147058,3.1100807,3.0990877,3.2699826,3.363924,3.4148927,3.464862,3.5168297,3.5018392,3.428884,3.4498715,3.5727954,3.6537452,3.6337578,3.6127706,3.1210742,3.0511174,3.0641096,3.097089,3.1230726,3.1570518,3.1620488,3.1180758,3.1270702,3.1320674,3.1410623,3.1830356
2010-11-01,3.3091438,3.359146,3.4351494,3.5241532,3.5701554,3.5841553,3.5791557,3.6031566,3.6521592,3.6791599,3.7811646,3.7611632,3.1601374,3.2331405,3.2641418,3.201139,3.2311406,3.2831428,3.1981392,3.144137,3.21614,3.313144,3.3651466,3.3411458,3.2191403,3.2101402,3.2481415,3.1161358,3.0311322,3.0421326,2.9281278,2.8191228,2.802122,2.8141227,2.8201225,2.8391235
2010-12-01,3.6908088,3.681797,3.7028244,3.697818,3.6767907,3.6357377,3.674788,3.6287284,3.674788,3.6858025,3.6948142,3.7659068,3.7288585,3.7358677,3.7689106,3.8179746,3.920108,3.8940735,3.9090934,3.9561546,4.0512786,4.1153626,4.2124887,4.2945952,3.5526283,3.6437473,3.629729,3.5696514,3.4875436,3.4965558,3.5035644,3.4795334,3.4064384,3.5786629,3.6066995,3.609703
2011-01-01,4.1325254,4.1977234,4.2207937,4.160611,4.177663,4.0623136,4.008149,3.9760518,3.9459605,3.9900947,4.037237,4.078362,4.072344,4.058301,3.9880886,3.9790611,3.945961,3.9750493,3.9409454,3.9228911,3.9198813,3.9539847,3.9870849,4.0542893,3.9870849,3.897815,3.8897908,3.8416448,3.757389,3.6039238,3.5768418,3.577845,3.5176625,3.473529,3.5036194,3.523681
2011-02-01,4.3837066,4.5063415,4.611889,4.649081,4.677227,4.66818,4.6169147,4.699342,4.7194457,4.674211,4.6520967,4.6038465,4.4962897,4.472165,4.5375032,4.6209354,4.6460657,4.6812477,4.743571,4.881284,4.912445,4.9466224,4.9938674,5.100419,4.236947,4.153514,4.070082,3.9253323,3.7685199,3.6961453,3.6589522,3.64689,3.7192645,3.7725406,3.810739,3.8599942
2011-03-01,3.9942117,3.9207103,3.8492234,3.7616272,3.7012153,3.6397967,3.7364554,3.8431823,3.9640057,4.163364,4.2620354,4.346612,3.745517,3.5713303,3.4756787,3.5028641,3.6025429,3.5864334,3.6005294,3.543138,3.5753582,3.5904605,3.6851056,3.7374618,3.6347625,3.5119255,3.4505074,3.344787,3.2682655,3.2370534,3.3478076,3.5421314,3.675037,3.740483,3.7787437,3.82808
2011-04-01,4.477981,4.4507318,4.45275,4.504221,4.5415626,4.6031265,4.671754,4.7383637,4.775705,4.7746964,4.753502,4.7666225,4.5526648,4.5173407,4.513304,4.567803,4.6212926,4.662671,4.71717,4.7555203,4.6979947,4.6515694,4.7312994,4.7504745,4.469907,4.3457713,4.2085147,4.128785,3.943086,3.8381248,3.8139033,3.8441803,3.8492272,4.0107045,4.047037,4.106582
2011-05-01,4.568302,4.559198,4.5541396,4.616858,4.6158457,4.6684484,4.7048655,4.816139,4.9253902,4.967877,4.9800158,5.031606,4.445901,4.4084725,4.459051,4.4266806,4.445901,4.436796,4.411507,4.402402,4.392287,4.340696,4.3690205,4.3073134,4.45197,4.4145412,4.2810125,4.0837545,3.95933,3.881438,3.8632298,3.886496,3.7964654,3.867276,3.8915544,3.8925655
2011-06-01,4.273334,4.2571163,4.3077965,4.374694,4.4567957,4.493285,4.5064616,4.5054483,4.542951,4.575386,4.6585016,4.716277,4.085818,4.0442605,4.0817633,4.0918994,3.9966214,3.97939,4.057437,4.092913,4.192246,4.133457,4.1273756,4.1750145,4.1324434,4.0919,4.0604777,4.119267,4.095954,4.206436,4.274348,4.2307634,4.2054224,4.1425796,4.0696,4.068587
2011-07-01,4.4304185,4.38267,4.419243,4.471055,4.457847,4.5726466,4.6722064,4.6955724,4.697604,4.7494164,4.8378015,4.860152,4.5889015,4.605156,4.5695987,4.5086436,4.62649,4.5736623,4.5949965,4.6224265,4.6518884,4.683381,4.6417294,4.6559515,4.395877,4.185582,4.1073565,4.118531,4.093133,4.096181,4.118531,4.112436,4.0921173,4.00678,3.9529366,3.9021404
2011-08-01,4.513618,4.638855,4.608309,4.604236,4.6266356,4.678563,4.7376184,4.8221283,4.878129,4.887292,4.871001,4.898492,4.5064907,4.50649,4.48409,4.488162,4.5166726,4.440308,4.4708543,4.4993634,4.4952903,4.4494715,4.4168897,4.356817,4.432163,4.315071,4.215289,4.128743,4.1134706,4.096162,4.1155066,4.086998,4.032016,4.0503435,3.9831429,3.940379
2011-09-01,5.2435303,5.364048,5.499885,5.6275525,5.751134,5.9237394,5.9431443,6.1290274,6.31491,6.384361,6.426235,6.5181556,5.2394457,5.282341,5.3507705,5.425328,5.4937572,5.448818,5.4723096,5.5550375,5.6132536,5.6132536,5.6387873,5.658192,5.1832724,5.125056,5.0392637,4.92181,4.86053,4.795165,4.747163,4.698138,4.603154,4.572514,4.434634,4.491829
2011-10-01,5.1358204,5.2443953,5.3160963,5.44106,5.474862,5.5055914,5.573195,5.599827,5.542466,5.4554005,5.442085,5.340679,4.9903703,4.951447,4.8797464,4.858236,4.81624,4.8203373,4.8244348,4.8059974,4.8049726,4.760928,4.776292,4.75171,4.962714,5.0651436,5.1645,5.211618,5.180889,5.106116,4.984225,4.9524717,4.8889647,4.7937055,4.8254585,4.861309
2011-11-01,4.7844152,4.8306265,4.865542,4.8984027,4.96618,4.936399,4.9600177,5.0401177,5.079141,5.0606565,5.0401177,5.003149,4.780308,4.7536077,4.718693,4.6796694,4.737177,4.649889,4.6539965,4.686858,4.634485,4.6005964,4.542062,4.5369277,4.6283236,4.6108656,4.499959,4.394186,4.3130593,4.2945747,4.315113,4.3264093,4.3623514,4.341813,4.31614,4.321275
2011-12-01,4.2050233,4.2317734,4.2914486,4.423145,4.549697,4.7318087,4.8223505,4.828523,4.8130903,4.8028016,4.796628,4.7472415,4.148435,3.9642658,3.9580925,3.9179661,3.926197,3.944717,3.9879296,3.9889588,3.9292839,3.881956,3.9395728,3.9704392,4.127857,4.0321717,3.9611793,3.8912156,3.853147,3.8397717,3.7893562,3.768779,3.6874976,3.5228775,3.4220471,3.4097009
2012-01-01,3.359686,3.3473263,3.3308473,3.340117,3.377195,3.4534106,3.511088,3.562585,3.7026577,3.6480706,3.676909,3.7747536,3.4492908,3.3874946,3.3905838,3.3514457,3.369985,3.3936737,3.3648353,3.46577,3.381314,3.3720448,3.3864639,3.3854344,3.2886193,3.1372173,2.9899347,2.9992044,3.0723305,3.059971,3.0095034,2.9847853,2.9281383,2.9198983,2.900329,2.869431
2012-02-01,3.2322278,3.2466571,3.3724008,3.4703155,3.529065,3.5002053,3.4517632,3.4527938,3.4795918,3.4868064,3.572353,3.6166725,3.167295,3.0961766,3.0240293,3.051858,2.96528,2.987955,3.0704098,3.0869012,3.1858468,3.306437,3.3991985,3.419812,3.257995,3.183785,3.1518338,3.0683484,3.069379,3.029183,3.0487657,3.0528882,3.017845,3.0611336,3.1600795,3.1569877
2012-03-01,3.5309978,3.5753543,3.6073327,3.6558156,3.6331208,3.630027,3.6671627,3.6723201,3.7146142,3.755876,3.8384004,3.8930726,3.532029,3.5454395,3.6269321,3.6434376,3.634153,3.6403422,3.7311187,3.8425267,3.9085457,3.9002929,3.916798,3.9064822,3.4041169,3.4268112,3.3607922,3.3463504,3.393802,3.4484737,3.5052094,3.4536316,3.4433162,3.4464107,3.4134011,3.375234
2012-04-01,3.013887,3.0623817,3.0912719,3.1201625,3.1779435,3.2161198,3.200643,3.2687416,3.198579,3.1934204,3.2481055,3.3368402,2.9726155,2.9447565,2.9870603,2.9880924,2.9757106,3.0407138,3.132544,3.1160355,3.1232579,3.0974631,3.0654771,3.0376182,3.0541277,2.9684882,2.9437249,2.86634,2.8033998,2.7920501,2.860149,2.9653926,2.994283,2.9705517,2.9932513,3.012855
2012-05-01,2.6017444,2.6543574,2.673958,2.7276022,2.7564876,2.8513968,2.8606813,3.0020132,3.0917642,3.0855744,3.1350923,3.1980207,2.6894326,2.7141914,2.795689,2.8266377,2.8462386,2.8895667,2.8761556,2.951464,2.9494007,2.9504323,3.0061398,2.9731278,2.6461043,2.5924602,2.4841402,2.384073,2.3747883,2.418116,2.3851047,2.4500964,2.400579,2.378915,2.347966,2.365504
2012-06-01,2.3713613,2.3971364,2.4858048,2.6105592,2.668297,2.7683063,2.777585,2.8208888,2.858006,2.9085262,2.9652324,3.0291557,2.2785687,2.2682583,2.320841,2.4074469,2.4260056,2.4053848,2.4682775,2.444564,2.43013,2.4290986,2.3476477,2.291972,2.2198,2.0991702,2.0414329,2.1239147,2.1579387,2.2672274,2.315686,2.3084683,2.3208404,2.3837337,2.396106,2.4239435
2012-07-01,2.4517415,2.4589558,2.5187287,2.5970528,2.6331232,2.6959882,2.6753767,2.6619792,2.68053,2.7299976,2.675377,2.6547651,2.5321262,2.6454902,2.66301,2.648582,2.7382424,2.73412,2.793893,2.8392384,2.833055,2.9268372,2.9392042,2.8608804,2.4290688,2.3538368,2.2920024,2.332195,2.241504,2.2033725,2.2178004,2.2909718,2.2487183,2.239443,2.2569628,2.2744823
2012-08-01,2.4568183,2.458879,2.536137,2.6216366,2.7761538,2.918309,2.9873264,3.0171998,3.01514,3.0614948,3.043983,3.0192604,2.4763908,2.5691009,2.717437,2.818388,2.8997672,2.9492126,2.9420018,2.965694,2.9584837,2.9420018,2.9574533,3.0171998,2.4011924,2.4042828,2.4259155,2.3991323,2.4063432,2.386771,2.37338,2.3507173,2.4114935,2.4547582,2.460939,2.4609394
2012-09-01,2.2522383,2.2995887,2.2851777,2.3562036,2.3973782,2.4210534,2.4622276,2.4766388,2.4385524,2.3778203,2.4025247,2.4529636,2.234739,2.2017999,2.2923832,2.373703,2.4467874,2.548694,2.5414882,2.5075197,2.5384002,2.5960443,2.6948628,2.6650112,2.2903244,2.3037064,2.3942897,2.3675265,2.4066424,2.428259,2.4220824,2.4251704,2.4684043,2.4262,2.526048,2.5311954
2012-10-01,2.6963758,2.6953466,2.7468045,2.7869413,2.8888268,3.0226166,3.0174706,3.093628,3.1337647,3.1728725,3.2366798,3.2078636,2.6757925,2.7313669,2.7447457,2.7848828,2.8569229,2.895002,2.879565,2.8394275,2.8209033,2.8219323,2.8034072,2.7787075,2.6706467,2.530682,2.4843705,2.4843705,2.5162747,2.529653,2.5131867,2.4895165,2.5039248,2.4905457,2.6263933,2.616102
2012-11-01,2.9246325,3.049151,3.103692,3.2117448,3.3486118,3.3691933,3.445345,3.4381413,3.390803,3.393891,3.4206474,3.4916534,2.8618596,2.8556848,2.8124638,2.7764459,2.7589514,2.7774749,2.8186383,2.910226,3.0892847,3.1716106,3.2086575,3.2292392,2.8289285,2.7785041,2.7188177,2.764097,2.7321954,2.706469,2.722934,2.806289,2.8340738,2.9637375,3.0522377,3.068703
2012-12-01,2.6472266,2.6750054,2.6904383,2.7141018,2.7490826,2.7120442,2.7243903,2.7737749,2.8992946,2.9466217,2.984689,3.0309873,2.585496,2.5813804,2.585496,2.5505147,2.5402265,2.5391974,2.56389,2.5412555,2.5412552,2.5145051,2.5258224,2.5525725,2.651342,2.5772653,2.5597744,2.5597744,2.5968134,2.5597744,2.5577168,2.6369379,2.7408519,2.6935248,2.6225343,2.6503134
2013-01-01,2.58703,2.6322904,2.681665,2.655949,2.656978,2.7721856,2.8441901,2.846248,2.9367683,2.9943721,3.0015721,3.0581477,2.6394908,2.5890875,2.6785789,2.6106892,2.6724072,2.7721856,2.8575628,2.917224,2.933682,2.963513,2.949112,2.9768848,2.638462,2.533541,2.4913666,2.517083,2.4481635,2.5170827,2.5242836,2.6065745,2.6158319,2.6826944,2.7979016,2.8339038
2013-02-01,2.8309329,2.8792808,2.9235141,2.944088,2.999637,3.0119805,2.9512887,3.0099235,3.0809026,3.1457095,3.1642258,3.1703978,2.9193997,3.0685585,3.2208035,3.2856102,3.415224,3.467687,3.4656296,3.4800313,3.5036902,3.4316833,3.4522567,3.4265397,2.9204283,2.8833954,2.9255714,2.9831777,3.0202098,3.0006652,3.0150669,2.9842064,3.0130095,3.0562146,3.0304973,3.0387263
2013-03-01,2.8855383,3.018242,3.0655625,3.1200845,3.1334577,3.0923095,3.1067111,3.1015675,3.1416872,3.2455876,3.2692475,3.3361137,2.878337,2.7970688,2.8536477,2.8515906,2.8731935,2.8896527,2.9338875,2.927715,2.9112558,2.9585767,2.970921,2.9688635,2.807356,2.7651782,2.7260878,2.6674511,2.6026418,2.6314464,2.6417334,2.6016135,2.5316608,2.505943,2.6149864,2.5974984
2013-04-01,2.377191,2.4615028,2.5489,2.6157327,2.6362967,2.633212,2.7576241,2.7997797,2.8265133,2.971489,2.9941094,3.0270114,2.3442886,2.4584184,2.4851518,2.4892645,2.5375896,2.532449,2.444024,2.4820673,2.4697292,2.532449,2.5550694,2.5560973,2.3154993,2.2774558,2.3124146,2.413178,2.5458155,2.6609733,2.6630294,2.6743402,2.6455503,2.6095634,2.616761,2.6311555
2013-05-01,2.6812313,2.8056293,2.9197462,2.9639535,3.022554,3.0297508,3.049284,3.049284,2.9978802,3.0215259,3.026666,3.0379748,2.7645059,2.8220782,2.8734825,2.8416119,2.832359,2.8775947,2.8981564,2.854977,2.867314,2.8138537,2.8189938,2.8642297,2.7706745,2.7953482,2.8765666,2.8436677,2.8457243,2.891988,2.9053528,2.9947956,2.9670377,3.0451715,3.1202216,3.1572323
2013-06-01,2.9849758,2.977778,2.9674954,2.9695518,3.0631216,3.2163289,3.3479438,3.407582,3.4445977,3.444598,3.4692757,3.4425418,2.9911454,3.0199358,2.9839475,2.9489872,2.8739262,2.8060622,2.7423115,2.7896106,2.8420506,2.8965468,2.939733,2.9592693,3.0528398,3.059009,3.0456421,2.9654396,2.881124,2.9273942,2.920196,2.9356203,3.0137665,3.0548959,3.030218,3.0055404
2013-07-01,2.7464886,2.7135842,2.760884,2.767054,2.7403188,2.7619123,2.8667953,2.956254,2.908954,2.9387736,2.9829888,2.9912152,2.8935301,2.9953284,3.0436568,3.051883,3.0652502,3.0806742,3.0323455,3.0734763,3.0498261,3.1094651,3.1187196,3.111522,2.8050997,2.7958455,2.8092124,2.8256652,2.7824776,2.7228389,2.7721953,2.7331212,2.665256,2.7958455,2.7855625,2.8040714
2013-08-01,2.7255955,2.7142863,2.7276525,2.815044,2.8469167,2.8479447,2.838691,2.9199138,2.925055,2.9353364,2.9301953,2.9106612,2.7163427,2.836635,2.85617,2.7965374,2.8448598,2.8417754,2.7502713,2.7523277,2.8633664,2.918886,2.8921545,2.8191566,2.6649358,2.6824143,2.7924247,2.8273816,2.9507585,2.9394486,2.9672084,2.9610398,3.0165591,3.0340376,3.068994,3.1101196
2013-09-01,2.6286023,2.6255183,2.6491628,2.6450505,2.757103,2.7571025,2.7766347,2.7262626,2.7735507,2.8064468,2.8979387,2.993543,2.7529905,2.6686945,2.621406,2.5802858,2.57823,2.6059864,2.5586987,2.512438,2.4826255,2.4528136,2.4281418,2.42917,2.6758902,2.6728063,2.6800025,2.7303743,2.7612145,2.8506513,2.9853191,3.0254116,3.0171876,3.0459714,2.990459,2.9030788
2013-10-01,2.1099014,2.131473,2.1807792,2.1931062,2.2331672,2.2968545,2.3389702,2.2763104,2.1992693,2.2578206,2.2855551,2.2896638,2.1119556,2.0975747,2.1581807,2.0924392,2.0760036,2.0811393,2.0965476,2.0585408,2.1027112,2.0934663,2.1140106,2.170507,2.1283917,2.1119556,2.231113,2.3102086,2.3574605,2.4817536,2.5536587,2.5423594,2.61221,2.607074,2.5957747,2.7272582
2013-11-01,2.1069999,2.198341,2.269156,2.3286815,2.382049,2.463127,2.4703112,2.5021267,2.466206,2.467232,2.4148908,2.4538906,2.060816,2.036185,2.036185,2.0567112,2.0926318,2.108026,2.1336837,2.1767886,2.1829464,2.1942358,2.221946,2.2691555,2.0228431,1.9889752,2.0351593,2.0413165,2.0987897,2.112131,2.1490786,2.0454218,2.048501,2.0987897,2.1490781,2.2075775
2013-12-01,2.110244,2.1246,2.1717675,2.1697164,2.2373922,2.2917376,2.300966,2.2937882,2.3337781,2.4076061,2.5203986,2.5542364,2.067178,2.110244,2.2671278,2.352235,2.489637,2.4804082,2.4783576,2.4804084,2.41786,2.4045298,2.4752815,2.4301646,2.0794823,2.0159085,2.0036042,2.014883,2.1389549,2.1338282,2.1338286,2.1348534,2.1676657,2.2076561,2.327626,2.40453
2014-01-01,2.0630655,2.2372072,2.3078885,2.3304245,2.2904742,2.3457894,2.2955961,2.320181,2.3078885,2.2945714,2.2935472,2.250524,1.8489742,1.8592179,1.9063383,1.94424,1.8725345,1.9534591,1.9503858,1.9585806,2.009799,2.084577,2.1368194,2.1982815,1.9954579,2.02414,2.0487247,2.0948207,2.0866256,2.010823,2.089699,2.070236,2.097894,2.2023787,2.298669,2.2699866
2014-02-01,1.7781137,1.8057369,1.8374519,1.8804214,1.8589367,1.8947449,1.8507521,1.8640522,1.8783753,1.914183,1.911114,1.8947446,1.7146828,1.7167289,1.7842518,1.8446133,1.9111137,1.889629,1.8947446,1.9008834,1.9622679,1.9632909,1.9540832,1.8967907,1.6788747,1.641021,1.6584129,1.7054749,1.7341211,1.7637905,1.8282442,1.8998597,1.9540832,1.9387369,1.9745449,2.008306
2014-03-01,1.66329,1.7940645,1.8543434,1.814498,1.8645604,1.8359535,1.8574085,1.9136006,1.9391426,1.9442508,2.0004435,2.0116818,1.5897293,1.5795128,1.5764475,1.6132278,1.6101627,1.6663554,1.6837237,1.6551163,1.716417,1.7429804,1.8073463,1.7440023,1.559079,1.5703176,1.6254883,1.641835,1.7062004,1.7358291,1.7205038,1.7644358,1.8001947,1.8277798,1.8410614,1.855365
2014-04-01,1.8389848,1.8002046,1.7981638,1.7501991,1.7379528,1.8073485,1.8522518,1.8777649,1.9808376,1.9236879,1.9910431,2.0543153,1.892052,1.8349028,1.8328615,1.8389851,1.9257294,1.9267502,2.0236995,2.0175767,2.0032887,2.0063508,1.9941046,1.9808376,1.856334,1.8246975,1.8716415,1.8991959,1.9563453,1.9869611,2.0073712,1.993084,1.9665502,2.0175767,2.067582,2.003289
2014-05-01,1.509152,1.5539881,1.5682542,1.5774252,1.5967865,1.5815014,1.5723306,1.6192045,1.6181858,1.5927107,1.6507943,1.6253185,1.4755247,1.4785817,1.4755242,1.4979423,1.5692734,1.6018814,1.6681172,1.7068393,1.7170296,1.7394478,1.6874783,1.6477373,1.5794637,1.6477371,1.677288,1.7312953,1.7129536,1.7628849,1.8495007,1.9452875,2.0645113,2.1266708,2.143994,2.147051
2014-06-01,2.0563476,2.1164095,2.1072474,2.1001213,2.1052115,2.1235352,2.155093,2.2080288,2.2864141,2.3362956,2.332224,2.3831234,1.8944868,1.8415511,1.846641,1.9637101,1.9474223,1.9759262,1.9901779,2.020718,2.0135918,1.9861062,2.0003579,2.0074837,1.9341885,1.9117928,1.8802351,1.9311345,1.9942497,1.9840698,2.0085015,2.0431135,2.0156283,2.0563474,2.0288615,2.0420957
2014-07-01,1.6957247,1.6794584,1.740456,1.719107,1.7048743,1.7119906,1.7679046,1.7536722,1.7699382,1.7038577,1.7058909,1.7943369,1.6804756,1.630661,1.6347271,1.7069075,1.7638382,1.7516388,1.8400853,1.9020993,1.9122651,1.9081986,1.963096,2.01901,1.6743759,1.7058914,1.684542,1.7089407,1.7597721,1.7760376,1.827885,1.9376805,1.9010823,1.9559797,1.9702129,1.9722458
2014-08-01,1.5622846,1.5561936,1.5886776,1.6698883,1.6607527,1.6749637,1.6566912,1.7724161,1.7795222,1.7318108,1.7632802,1.770386,1.6120259,1.6648128,1.779522,1.7510986,1.8049005,1.7734314,1.8637779,1.8465207,1.8861107,1.9185946,1.8891563,1.9094582,1.5704058,1.6262376,1.6688728,1.6262376,1.6769941,1.6363888,1.6678581,1.6252226,1.6313133,1.6556762,1.6810548,1.7612498
2014-09-01,1.2676141,1.2564679,1.3476635,1.5199211,1.5776783,1.6151695,1.6972454,1.7144715,1.6891391,1.6942062,1.7398031,1.6506344,1.2797735,1.294973,1.2959862,1.3243577,1.303079,1.4125135,1.439872,1.4672306,1.5219476,1.6090899,1.6942053,1.6982586,1.2280964,1.2493751,1.2372156,1.3121988,1.4125136,1.5300539,1.6283423,1.6871125,1.6658337,1.6942055,1.6384752,1.6972452
2014-10-01,1.3211014,1.3878648,1.5183566,1.6276054,1.7358427,1.7378657,1.7398888,1.77934,1.76012,1.720669,1.8127216,1.7894554,1.4050617,1.5163336,1.554773,1.5315069,1.5659,1.5598307,1.5648884,1.640756,1.6812181,1.6589638,1.5992815,1.5527498,1.3757261,1.3676338,1.3352634,1.348414,1.3312174,1.3807843,1.4070847,1.4809287,1.4728358,1.5426342,1.5588193,1.5911891
2014-11-01,1.007361,1.0810459,1.0709522,1.097196,1.1173835,1.2041904,1.1547306,1.0971962,1.1294963,1.1153651,1.2102468,1.1728998,1.0568209,1.1506932,1.2223594,1.2677814,1.3031094,1.4383663,1.411113,1.3818413,1.4020288,1.3646816,1.3424755,1.3868884,0.9770797,0.97506094,1.0719614,1.0901301,1.1890495,1.2445655,1.2768657,1.3697287,1.3111848,1.3485315,1.3283445,1.3636723
2014-12-01,0.5315559,0.59296656,0.73088944,0.7469969,0.9221689,1.0006942,1.0842533,1.0540512,1.019822,1.0671387,1.073179,1.1406305,0.5607512,0.64733034,0.6956536,0.72484905,0.7641117,0.79230034,0.83558977,0.85975134,0.82552224,0.8909604,0.90304106,0.9040475,0.6181352,0.68256605,0.67753255,0.706728,0.7580714,0.8094147,0.81042135,0.894987,0.98257285,1.0268693,0.9986809,1.0208288
2015-01-01,0.36239836,0.4808553,0.5089638,0.5691961,0.67861825,0.6515137,0.6816298,0.679622,0.6876529,0.7820171,0.8322107,0.7639476,0.37745637,0.40154964,0.43869305,0.4316656,0.467805,0.63444775,0.6444866,0.68564546,0.7478854,0.71776915,0.71576166,0.7308196,0.3935185,0.44672388,0.4617818,0.47784346,0.48286304,0.523018,0.482863,0.48888636,0.5179985,0.529041,0.5039443,0.5280374
2015-02-01,0.072048865,0.11407747,0.11908052,0.1861258,0.27218375,0.34423262,0.37825555,0.40627462,0.41327924,0.41027728,0.44530073,0.5133468,0.083056346,0.09006102,0.109074034,0.12508471,0.15110251,0.17712006,0.18712668,0.23816118,0.28119,0.31621385,0.34523335,0.39126426,0.13108876,0.2481678,0.24616656,0.29620022,0.33822855,0.32922238,0.34623405,0.43829602,0.41327924,0.42528734,0.525355,0.55537534
2015-03-01,0.010972545,0.07481257,0.12169504,0.15461254,0.20947489,0.20448732,0.22144488,0.22942472,0.27431235,0.34313977,0.37605715,0.37705472,0.08877754,0.08678254,0.11171994,0.18653223,0.22742975,0.22942474,0.20448747,0.20049748,0.2304224,0.23939995,0.21446256,0.24338982,0.088777676,0.102742635,0.15461254,0.16159509,0.17954995,0.21845242,0.2224423,0.27231723,0.2783023,0.30224255,0.31221715,0.29625744
2015-04-01,-0.10045211,0.018896699,0.08752246,0.16012664,0.22676298,0.23670873,0.35207948,0.4704339,0.460488,0.53607553,0.58083165,0.62558717,-0.14520785,-0.072603926,0.018896699,0.05271245,0.035804644,0.059674405,0.12830016,0.19593129,0.25461093,0.28345364,0.32622045,0.38390583,-0.1442136,-0.12133821,-0.034810398,0.0009945013,0.01790232,0.032820858,0.06763099,0.10741405,0.19692579,0.25361666,0.26853535,0.35406852
2015-05-01,0.1427838,0.25086302,0.22706537,0.24987087,0.25879502,0.3420856,0.33217022,0.40851974,0.45413098,0.46107167,0.47197896,0.49181008,0.19335262,0.3123391,0.35299262,0.42339286,0.41446868,0.41546082,0.37579837,0.36290836,0.30539814,0.33712804,0.31333095,0.33514482,0.29349992,0.26375324,0.23301521,0.2786263,0.30936477,0.31134772,0.2597869,0.22111619,0.27961767,0.24193886,0.24094722,0.28259227
2015-06-01,0.0009882407,0.12454275,0.18286052,0.16111498,0.17099917,0.21350177,0.24216667,0.32025257,0.34792894,0.42799202,0.40328112,0.45863375,0.046456434,0.11762365,0.15716137,0.103785574,0.054363776,0.07215558,-0.03558335,-0.05337528,-0.035583615,-0.030641507,-0.0009881199,-0.024710769,0.04942154,0.068201974,0.13442707,0.16605708,0.16012636,0.22635183,0.23030505,0.2965302,0.37857017,0.4615987,0.54858124,0.61085254
2015-07-01,0.14683262,0.26705766,0.35574764,0.39220935,0.46020555,0.53805655,0.5745182,0.6218198,0.63364476,0.65236855,0.6770047,0.74401546,0.18822126,0.23355225,0.21285757,0.24734852,0.21778476,0.21088669,0.1892064,0.26804265,0.26311547,0.28183922,0.30056268,0.32618412,0.13796338,0.18427959,0.3025336,0.4385256,0.43458414,0.40600616,0.42867106,0.40107846,0.43359813,0.42177287,0.47498703,0.3636311
2015-08-01,0.15818076,0.21319965,0.25249904,0.2849211,0.24758653,0.30555296,0.39004692,0.51187503,0.48829538,0.57180655,0.5619818,0.6170012,0.13263628,0.16309324,0.16997059,0.2633067,0.2819737,0.2967108,0.29671067,0.2976932,0.325203,0.39495927,0.39888895,0.33502802,0.14737323,0.22105977,0.23677926,0.3035884,0.37432712,0.45194364,0.5207176,0.60324615,0.6523706,0.65924823,0.7329346,0.77026874
2015-09-01,-0.058772277,0.026447844,0.05975201,0.17239878,0.21255967,0.31835002,0.31149346,0.30757517,0.34871617,0.32814565,0.35361353,0.3389205,-0.023509167,-0.095994845,-0.15966514,-0.11558547,-0.116565086,-0.0626903,-0.070526734,-0.0019589453,-0.020570481,0.006856695,0.020570615,-0.02155009,-0.08717932,-0.08913852,-0.040161118,0.030365612,0.06562911,0.17141907,0.2742706,0.33989984,0.39769277,0.4466699,0.42903814,0.48683104
2015-10-01,-0.051760476,-0.014649205,0.036134224,0.033204593,0.07617577,0.1093805,0.06347968,0.09766106,0.03515793,0.10059057,0.055666544,0.057620145,-0.083012484,-0.075199366,-0.06933945,-0.017578965,-0.052737154,0.032227926,0.048830338,0.04199426,0.04394736,0.036134742,0.045900825,0.07031587,-0.04492403,-0.006836201,0.06933907,0.13672543,0.16114084,0.18946233,0.20606475,0.27345085,0.31739846,0.46681958,0.55471444,0.58010644
2015-11-01,0.23371539,0.31551576,0.37686563,0.45671862,0.5073569,0.42653027,0.37978762,0.40997553,0.46158752,0.48301154,0.5190428,0.5141736,0.20450063,0.2989605,0.28435323,0.40900174,0.55117834,0.59597397,0.6466121,0.66316694,0.6378479,0.61739755,0.6845907,0.67972195,0.25416535,0.28922278,0.25806063,0.34667736,0.5024878,0.5131995,0.60765976,0.657324,0.6904334,0.70698863,0.6349262,0.66121924
2015-12-01,0.2893682,0.2971366,0.31849933,0.38744262,0.39909488,0.41754445,0.44570485,0.5583445,0.62146163,0.59912765,0.6651582,0.66321623,0.16798928,0.12623443,0.15051016,0.18061225,0.21362738,0.17381522,0.17478606,0.22819321,0.22625077,0.25246885,0.25149798,0.31849933,0.12914783,0.1747862,0.25246897,0.26994732,0.31461522,0.45250216,0.48745924,0.5923312,0.654477,0.7117679,0.774885,0.7030285
2016-01-01,0.28079963,0.25756097,0.2527193,0.23625886,0.25271943,0.22270343,0.22463958,0.20043297,0.23819527,0.19559127,0.17138417,0.20721042,0.26627547,0.30016494,0.3844046,0.3853727,0.40280157,0.43959594,0.44637412,0.45993,0.45799333,0.52383584,0.50834334,0.5141529,0.18203534,0.24884634,0.21979804,0.21979804,0.3321179,0.38537294,0.42023087,0.5083437,0.53545517,0.5954881,0.64777493,0.6119489
2016-02-01,0.3254215,0.35245946,0.372738,0.50309956,0.5339998,0.51275593,0.50309944,0.4953746,0.63056403,0.60062945,0.6537398,0.6788466,0.3495626,0.35728723,0.37949705,0.47026768,0.4789583,0.5272409,0.5204813,0.5359316,0.5166186,0.6209079,0.6295985,0.64891136,0.34280306,0.36597842,0.4306763,0.50503093,0.53979397,0.55427855,0.5677973,0.6392549,0.712644,0.73581916,0.8951503,0.91542876
2016-03-01,0.5923997,0.6925776,0.686798,0.79949886,0.78890306,0.7407404,0.776381,0.7831236,0.877522,0.90545595,0.91508865,0.9661411,0.5808403,0.62707627,0.632856,0.6241869,0.7089527,0.79082906,0.84766084,0.8659627,0.9064196,0.8967868,0.9208681,0.97866344,0.5548326,0.5500166,0.5654285,0.59625274,0.686798,0.70509994,0.76096857,0.73207104,0.8264698,0.82068986,0.89871347,0.97384727
2016-04-01,0.38714212,0.39578813,0.4803257,0.49377435,0.5831148,0.5475705,0.56198037,0.6004061,0.65420264,0.63883245,0.6090522,0.63595045,0.27282476,0.34295225,0.43037158,0.44862372,0.4764822,0.4937744,0.5360428,0.70607775,0.73489726,0.77044135,0.7137631,0.7099205,0.34103107,0.31221122,0.39194542,0.46687585,0.58407533,0.65324223,0.6887862,0.6907075,0.6474783,0.6955108,0.67629796,0.6993531
2016-05-01,0.35065168,0.43687725,0.46274513,0.4751998,0.50202596,0.5116062,0.5499291,0.5671744,0.5777129,0.6313646,0.7137582,0.72238076,0.37077096,0.40621918,0.43400317,0.36885494,0.36981294,0.4311289,0.53459966,0.5729221,0.6677706,0.7319609,0.7290865,0.72525454,0.2615516,0.20215169,0.2165227,0.26442584,0.3046644,0.39663863,0.42538053,0.50394195,0.55759346,0.62753236,0.64669335,0.6265738
2016-06-01,0.46920186,0.45200092,0.46537957,0.502648,0.5294047,0.55233943,0.6106313,0.6010752,0.5418278,0.57814056,0.5695405,0.646944,0.37650838,0.40995392,0.48926944,0.47206873,0.5141153,0.55233943,0.51698226,0.47397965,0.46729055,0.5351384,0.48831397,0.49787012,0.43480015,0.43288916,0.47971344,0.57527405,0.6058534,0.5437392,0.57049584,0.53609407,0.6335659,0.5752739,0.662234,0.6794348
2016-07-01,0.6397191,0.7016891,0.73505723,0.7283837,0.7321973,0.7731927,0.82086164,0.8780645,0.92096645,0.96005535,0.95814896,0.99151725,0.66355383,0.72361666,0.7874936,0.7979804,0.8446962,0.8342091,0.8408829,0.8180014,0.814188,0.8475566,0.8218149,0.7722389,0.6216048,0.6749943,0.7255239,0.84374297,0.8723443,0.9648224,1.0020044,1.108783,1.0716012,1.1116431,1.2117484,1.2212818
2016-08-01,0.6410893,0.64204013,0.634431,0.6363334,0.6867453,0.7324014,0.7257431,0.7694972,0.75713193,0.76569253,0.8760284,0.90361196,0.57926303,0.67152655,0.6895987,0.7304988,0.75808305,0.7247921,0.78281367,0.82942116,0.8665165,0.92263556,0.94736594,0.85320014,0.6344309,0.740011,0.768546,0.90361226,0.9701942,1.035825,1.0481904,1.0843345,1.1233325,1.1956215,1.2431798,1.2764711
2016-09-01,0.9673394,0.98632586,0.9739853,1.0831544,1.1372652,1.1989697,1.1372652,1.1382147,1.1885277,1.2454857,1.186629,1.193274,1.0167035,1.0954958,1.1011915,1.1220763,1.1638457,1.174288,1.1961222,1.1856797,1.2008684,1.2065647,1.2758634,1.2787113,0.9531003,1.0689154,1.0413858,1.0375884,1.0641687,1.0499294,1.0242983,1.1125834,1.1154311,1.2293475,1.2701681,1.2568775
2016-10-01,0.9853433,1.0298734,1.039348,1.0990369,1.0478748,1.1340923,1.1899918,1.2345221,1.3017905,1.3122126,1.3055805,1.2733669,0.93797123,0.93323404,0.94176066,0.9796587,0.9976603,1.0488225,1.0402955,1.0516647,1.1625161,1.2098885,1.1805174,1.1577785,0.91807497,0.9190222,0.929444,0.8555436,0.89154637,0.9360763,0.9464979,0.9455508,1.0175569,1.0118722,1.0005023,1.0507171
2016-11-01,1.0583695,1.099986,1.1207937,1.1529516,1.1103903,1.0508034,1.0782322,1.1293061,1.1548433,1.1548434,1.1709224,1.2428045,1.077286,1.1047149,1.1756513,1.1822717,1.2068632,1.2465875,1.2882037,1.3250905,1.3742731,1.4707464,1.4026473,1.434805,1.2097008,1.2153761,1.2106469,1.2437501,1.2938786,1.3203614,1.2777998,1.3156322,1.3345488,1.3780563,1.4291306,1.4896628
2016-12-01,1.618345,1.592837,1.5739421,1.5881132,1.5342628,1.4643517,1.4964728,1.5871681,1.6400741,1.6561346,1.654245,1.6750298,1.7723382,1.7468297,1.7165982,1.7165982,1.6618029,1.6618029,1.6835318,1.7014824,1.7364378,1.5607151,1.5559914,1.5597708,1.6174005,1.6873112,1.7137638,1.738327,1.7581669,1.6986481,1.6873108,1.6504657,1.72699,1.6391293,1.5871683,1.5777209
2017-01-01,1.9286261,1.8936977,1.7936318,1.756815,1.715278,1.7558712,1.7473749,1.7605911,1.789856,1.7483189,1.7974079,1.7388788,2.0409644,2.0466285,2.0636206,1.9909313,1.9805472,2.078725,2.0286918,1.9635547,1.9371221,1.9276819,1.939954,1.9531704,2.0343556,2.1570783,2.192007,2.2165513,2.2099433,2.2439277,2.272248,2.3364415,2.2420397,2.2071114,2.1608543,2.1287577
2017-02-01,2.3177838,2.4197059,2.4149876,2.459343,2.5593772,2.5131345,2.539559,2.5376716,2.5895762,2.6065633,2.6046758,2.5791955,2.393282,2.4366932,2.427256,2.444243,2.4536803,2.4593425,2.4687798,2.4480178,2.467836,2.4046063,2.356477,2.318728,2.4187624,2.406494,2.3951693,2.3404336,2.4027195,2.3970568,2.3564768,2.305516,2.2488923,2.175282,2.062979,2.051654
2017-03-01,2.2698717,2.2670412,2.3462892,2.3528934,2.3632708,2.3208168,2.2896838,2.3245902,2.3670444,2.3811963,2.3783658,2.3585536,2.2811928,2.2915707,2.2189271,2.1623218,2.14251,2.21138,2.2189274,2.1849637,2.234965,2.1830773,2.1717563,2.108547,2.3123257,2.2604375,2.1736429,2.1642087,2.2821364,2.3245907,2.312326,2.323647,2.3519497,2.3491192,2.3462892,2.3453457
2017-04-01,2.752341,2.8174455,2.8268812,2.8457522,2.8580182,2.8353734,2.772155,2.7617762,2.8155587,2.8287683,2.8089538,2.829712,2.8797202,3.0297446,3.0118175,2.9750187,2.9844546,2.9759622,3.0118175,3.0221963,2.9957767,2.9787934,2.9231231,2.8882117,2.6391144,2.627792,2.6136384,2.5089047,2.5155091,2.5155091,2.566461,2.6004288,2.7117677,2.6664772,2.676856,2.6683643
2017-05-01,2.9977946,2.993075,2.9279466,2.902461,2.786363,2.792026,2.688198,2.6211822,2.6089113,2.5617168,2.4871497,2.4956448,2.9515438,2.9902427,3.0346057,3.0072331,3.0006258,3.0279992,3.0128968,2.9203954,2.8316693,2.7637095,2.740112,2.6608255,2.79297,2.7646532,2.761822,2.707076,2.7099078,2.663657,2.6400597,2.5154662,2.4956443,2.4975326,2.4560015,2.5126348
2017-06-01,2.6300025,2.6441627,2.56581,2.5233293,2.450641,2.4260964,2.3977768,2.3713448,2.338304,2.3279204,2.3005438,2.3477442,2.6243382,2.541266,2.4921772,2.3505762,2.2108636,2.1844313,2.141007,2.1060789,2.0541582,2.0163982,2.0267823,2.007902,2.574306,2.4581933,2.3250885,2.3581285,2.3590724,2.29488,2.2712798,2.2637277,2.2004793,2.1891515,2.3043199,2.3090403
2017-07-01,2.5469565,2.4997554,2.4629388,2.4638832,2.458219,2.496924,2.51014,2.5450687,2.4242349,2.4289546,2.4166825,2.3742018,2.6819513,2.650799,2.6073737,2.5497887,2.52902,2.5129724,2.4723794,2.4468913,2.4770997,2.4808757,2.398746,2.332665,2.553565,2.513916,2.4950356,2.445003,2.4015782,2.3657057,2.3619294,2.3430488,2.3638177,2.317561,2.2165508,2.227879
2017-08-01,2.8707786,2.8839993,2.8887208,2.8320606,2.8150628,2.888721,2.8755002,2.8018422,2.8717227,2.894387,2.860391,2.8141189,2.8698342,2.8896651,2.7895656,2.770679,2.7395158,2.612975,2.5279849,2.4873786,2.5147643,2.4751022,2.4590483,2.527041,2.8122296,2.736683,2.71213,2.6809673,2.6384723,2.526096,2.4854896,2.4958773,2.460937,2.4080539,2.4052215,2.384446
2017-09-01,2.9523463,2.9665172,2.9958045,2.9381747,3.0515442,3.097837,3.1913676,3.223489,3.285843,3.2622237,3.2782845,3.268837,3.0090313,3.0061967,3.0704398,3.1337376,3.113898,3.1016164,3.167749,3.1649146,3.1157875,3.1044507,3.1394064,3.1157875,3.0109203,3.1318486,3.1913679,3.1129537,3.0373733,3.031705,3.0779977,3.0893345,3.0827212,3.0742188,2.990136,2.8928266
2017-10-01,2.9678054,2.991434,3.0207343,2.9829273,3.0301857,2.985763,3.0037208,3.0519242,3.0802789,3.116195,3.0878403,3.135099,2.9687505,2.961189,2.9063697,2.8383183,2.725844,2.690873,2.6180959,2.5670567,2.5547698,2.5046756,2.5008957,2.5396469,3.002776,2.975366,2.964024,2.902589,2.8279212,2.8298118,2.8732886,2.9328341,2.890302,2.8298116,2.8042922,2.7986217
2017-11-01,3.2250786,3.2449393,3.2648005,3.239265,3.194814,3.12861,3.1446881,3.1314473,3.197651,3.2392647,3.1806266,3.1654944,3.2118378,3.2307525,3.114423,3.0321412,3.0009308,2.9801238,2.9687743,2.9971473,2.9025707,2.9366183,3.0084968,3.0548396,3.1068568,2.966883,2.8032649,2.6670737,2.6897721,2.7153077,2.671802,2.653833,2.6150563,2.6178937,2.6254594,2.703013
2017-12-01,2.9520018,2.9274013,2.9643016,2.9321322,2.9151018,2.957678,3.0305324,3.0797322,3.084463,3.0579705,3.0485091,3.1128478,2.8526554,2.7438476,2.7041087,2.6643703,2.6208472,2.6284165,2.5830007,2.5915163,2.6662626,2.681401,2.765609,2.7712855,2.93024,2.8923936,2.855494,2.8252168,2.7892632,2.72114,2.6984322,2.7258704,2.7220862,2.758986,2.7807474,2.7618241
2018-01-01,2.9324145,2.8907666,2.8264008,2.8330266,2.7923253,2.7345853,2.6995628,2.685365,2.693884,2.6853647,2.7184937,2.700509,2.905911,2.7856991,2.7573025,2.7771804,2.7270126,2.6683261,2.720387,2.7317455,2.6796854,2.7090285,2.706189,2.7998972,2.9390404,2.855744,2.8727818,2.842492,2.8443856,2.7980042,2.8642628,2.880354,2.9844747,2.9087505,2.7980042,2.7336388
2018-02-01,2.6848938,2.6848936,2.6527052,2.6176767,2.6337705,2.6091561,2.5959022,2.6905737,2.690574,2.6574388,2.7057216,2.7369633,2.7009876,2.693414,2.6280904,2.5873816,2.536259,2.5760207,2.4908166,2.479456,2.3639555,2.3412347,2.3819435,2.356382,2.7123485,2.7009883,2.707615,2.774832,2.7824056,2.7814589,2.7861922,2.8325815,2.8183808,2.8202744,2.830688,2.8903313
2018-03-01,2.4213223,2.3768332,2.4430935,2.4620247,2.4724371,2.4714904,2.4932613,2.4847426,2.4270015,2.409017,2.4232152,2.3995512,2.4733832,2.379673,2.397658,2.4648647,2.4336276,2.391032,2.4165897,2.4800096,2.41375,2.3938718,2.359796,2.4109101,2.3512764,2.3569553,2.4194288,2.3115203,2.3171997,2.3616886,2.3768334,2.389139,2.4639177,2.44404,2.5680406,2.6731098
2018-04-01,2.3982015,2.3130245,2.348042,2.4067194,2.4512005,2.4777,2.4559329,2.452147,2.450254,2.459718,2.4417367,2.4256475,2.3764338,2.3915768,2.4057727,2.4095588,2.4464686,2.3745413,2.401041,2.4161835,2.3811665,2.4237547,2.4142904,2.4474149,2.3906302,2.3300602,2.2751684,2.317757,2.3925233,2.5108242,2.6215541,2.5723412,2.650893,2.7493196,2.8004258,2.8297646
2018-05-01,2.4621205,2.4384646,2.4403572,2.5283577,2.66367,2.655154,2.6125731,2.5718846,2.6277127,2.6684015,2.6693475,2.68638,2.4195397,2.4148085,2.3750663,2.341948,2.3835826,2.370335,2.4110239,2.3201842,2.316399,2.360873,2.2823346,2.2274525,2.5264652,2.5463362,2.607842,2.6579926,2.6920574,2.6769176,2.7687027,2.780058,2.9513276,3.039328,3.044059,3.0308115
2018-06-01,2.4947987,2.445603,2.4228969,2.4597938,2.4664168,2.497637,2.5383182,2.6111655,2.6149502,2.653739,2.741724,2.7738903,2.408706,2.4020832,2.49196,2.5070975,2.5610237,2.6329255,2.7048273,2.6622539,2.6414402,2.550617,2.5780532,2.5903523,2.3131523,2.310314,2.3576179,2.4616864,2.5231812,2.5865679,2.5903523,2.6688762,2.7209103,2.7010427,2.7578073,2.7369936
2018-07-01,2.5863945,2.6592374,2.6961317,2.7614064,2.7491086,2.7699208,2.7878947,2.7576222,2.7396483,2.775597,2.8862803,2.9137142,2.6034224,2.6355865,2.6459935,2.6630213,2.6734273,2.7434323,2.7916791,2.8153293,2.8247893,2.7396483,2.7320802,2.7122135,2.5381474,2.591124,2.716944,2.821005,2.8370872,2.917498,3.0168295,3.0981863,3.1502175,3.1473794,3.1189988,3.1294053
2018-08-01,2.6441598,2.6630807,2.680109,2.6668649,2.7520077,2.7860649,2.8059316,2.8409345,2.9468906,3.0045981,3.0433855,3.1228518,2.6734872,2.702814,2.8248525,2.9279702,2.9431062,2.9771633,2.9620264,3.0083823,3.0490615,3.0812266,3.0992014,3.1796138,2.7434936,2.8295825,2.9421601,2.918509,2.9222932,2.9336457,2.9771633,2.9478362,2.9667568,3.0083823,2.917563,2.9052646
2018-09-01,2.3362443,2.3863742,2.3750248,2.3844833,2.3816454,2.4535298,2.4506924,2.4175878,2.367458,2.3901582,2.4194796,2.404346,2.4185333,2.4270463,2.5083892,2.5187936,2.5102806,2.5679774,2.5462232,2.5698695,2.5537899,2.5396023,2.4998767,2.49231,2.3844826,2.388266,2.421371,2.4355588,2.4762301,2.5046058,2.5178475,2.496093,2.5424397,2.5632484,2.5490603,2.5216305
2018-10-01,2.4870925,2.4823644,2.5078974,2.5060062,2.527757,2.4312987,2.4180593,2.4937124,2.5457242,2.6157033,2.613812,2.600573,2.40482,2.3575373,2.347135,2.375505,2.4208968,2.5154626,2.4577775,2.5428872,2.6081378,2.6327252,2.622323,2.6488013,2.422788,2.4634519,2.4180596,2.5088432,2.5315392,2.5532894,2.5277565,2.585442,2.582605,2.6790624,2.728237,2.7329652
2018-11-01,2.3738275,2.4400036,2.4409492,2.460802,2.4787636,2.5430493,2.5789733,2.585591,2.6139522,2.6895823,2.6990354,2.7065983,2.3180501,2.2887442,2.281181,2.2509294,2.1856985,2.2235138,2.1478841,2.1469383,2.168682,2.1261406,2.0949433,2.0845444,2.2688909,2.2509294,2.2981977,2.209333,2.1960979,2.227295,2.1885347,2.1346483,2.1346488,2.1885347,2.1942072,2.1195228
2018-12-01,2.1826744,2.2233045,2.2563758,2.3385806,2.403777,2.4085014,2.451966,2.449131,2.3981078,2.3839345,2.3555882,2.4576354,2.1618872,2.1987376,2.1543283,2.195903,2.215746,2.2724385,2.2941709,2.3896036,2.3905482,2.4406276,2.404722,2.3357456,2.2072415,2.1599975,2.1354308,2.163777,2.170391,2.166612,2.117478,2.1911788,2.295116,2.3877141,2.4680285,2.490706
2019-01-01,1.7872032,1.7551035,1.691848,1.6257604,1.6427543,1.706954,1.7182829,1.818359,1.8551792,1.8806702,1.9004967,1.9495903,1.768321,1.7853148,1.7078975,1.6805184,1.664469,1.6805187,1.6389778,1.6739095,1.6861832,1.6200953,1.6644684,1.7031771,1.65786,1.633313,1.606878,1.6248162,1.6115986,1.6314249,1.6012131,1.6182076,1.6134866,1.6172631,1.6380336,1.6172634
2019-02-01,1.7668711,1.791398,1.7715877,1.8027179,1.8244148,1.955539,1.9715754,1.9649723,2.0725129,2.0819461,2.1045861,2.2130697,1.835735,1.8395083,1.8263013,1.8762982,1.9772352,2.0140257,2.0149689,2.037609,2.0064793,1.8659213,1.8800716,1.8329045,1.8263013,1.7838513,1.8612049,1.9527085,2.0093086,1.9932721,2.0413823,2.1564698,2.2555199,2.2753298,2.3215535,2.2658963
2019-03-01,1.9484828,1.9626226,1.944712,1.9795907,2.0389786,2.0945954,2.152098,2.1398435,2.2256255,2.3010385,2.2652173,2.3104653,1.8862671,1.8711846,1.9211457,1.9220886,1.8655285,1.8193382,1.8674141,1.836306,1.842905,1.8985217,1.8749552,1.85893,1.9824184,2.0465195,2.0974236,2.2077155,2.2227979,2.2699306,2.183206,2.1756644,2.1832058,2.2171416,2.204887,2.1360729
2019-04-01,2.2282424,2.3742795,2.435521,2.4195042,2.428926,2.5382183,2.5711942,2.6098235,2.5975754,2.6135924,2.6088815,2.6154761,2.223532,2.2800622,2.3912392,2.3582625,2.2951372,2.2668722,2.2621608,2.2433178,2.2395487,2.3243446,2.3771062,2.4166782,2.1453311,2.2499127,2.3130388,2.3337665,2.3931231,2.423273,2.427984,2.4713242,2.5108953,2.5438714,2.51278,2.595691
2019-05-01,1.971682,1.9697993,1.9810984,2.0375934,2.0639577,2.1016214,2.0752568,2.0931468,2.1213953,2.1383438,2.1750653,2.248509,2.0338273,2.0714905,2.158116,2.2221446,2.1929555,2.2136703,2.1694157,2.2004883,2.257925,2.2475672,2.2673407,2.3002958,1.869991,1.826678,1.8765819,1.9613247,1.9971054,2.0752568,2.1317523,2.0451264,2.009346,2.0743153,2.0959718,2.0752568
2019-06-01,1.9723402,1.9770453,1.942228,1.9412874,1.8810631,1.856597,1.813311,1.855656,1.8932962,1.9328182,1.9375231,1.9657532,2.01939,2.0052752,2.0702047,2.1398385,2.0984342,2.0542073,2.0909066,2.1323106,2.1191368,2.1266646,2.1652458,2.229234,1.9666945,2.009039,2.0447972,2.0777326,2.0956116,1.9930423,1.9394052,1.9770454,1.9591663,1.9506973,2.0297415,2.1106677
2019-07-01,1.9786447,2.0162618,2.0623424,2.1093633,2.1065419,2.1488612,2.153563,2.1103039,2.0510573,2.061402,2.082091,2.067985,2.0313084,1.985228,1.9683002,1.9259812,1.9034115,1.8592116,1.8394629,1.8056078,1.8723774,1.8686157,1.7952633,1.7689312,1.9626577,2.0256658,2.0068576,2.0077977,1.9645388,2.0294275,2.0125003,1.9786451,1.9617174,1.9777046,1.9889896,2.0331893
2019-08-01,1.7298813,1.7665275,1.7684069,1.8285437,1.7420963,1.7533722,1.8059921,1.7815616,1.8191475,1.867069,1.8952583,1.937542,1.7796824,1.7571309,1.7684066,1.7608894,1.7242435,1.7035713,1.7101486,1.6443737,1.622762,1.68008,1.6312187,1.6377962,1.7580703,1.659408,1.5870556,1.4883932,1.4846345,1.4865137,1.5306768,1.5428921,1.5795383,1.691356,1.7270625,1.7825012
2019-09-01,1.7810295,1.8307892,1.8345448,1.8683441,1.8645884,1.8148285,1.8138897,1.7941736,1.8411167,1.8692824,1.9040207,1.917165,1.8242172,1.861772,1.831728,1.8523833,1.8570772,1.9115318,1.8908764,1.8852432,1.8861824,1.8420559,1.8129505,1.8148289,1.8148285,1.8091952,1.7491076,1.6589763,1.5566401,1.544435,1.5416185,1.551946,1.5988894,1.6401997,1.6824481,1.6965313
2019-10-01,1.4489238,1.4517372,1.4789336,1.532389,1.5098816,1.5352026,1.508006,1.4986275,1.4836228,1.5717772,1.5567719,1.5577098,1.4376699,1.4189137,1.3345102,1.3523287,1.3166915,1.2866814,1.2988731,1.3288829,1.2932463,1.2810546,1.325132,1.3814012,1.5408297,1.4901869,1.385152,1.3138783,1.2388531,1.2538582,1.2529199,1.2660496,1.2838681,1.2923083,1.3682711,1.3992194
2019-11-01,1.3787811,1.421868,1.4462212,1.4387279,1.4340446,1.4471581,1.450905,1.5548751,1.571735,1.5988986,1.6129488,1.6063919,1.3769077,1.3815908,1.3815911,1.4181213,1.4312346,1.3862743,1.4518412,1.4602711,1.4855613,1.4977382,1.5136617,1.5473819,1.4237416,1.4115642,1.3909576,1.4705744,1.4996116,1.481815,1.6045189,1.6298091,1.6447957,1.672896,1.7197294,1.7703098
2019-12-01,1.2918453,1.2824911,1.3264568,1.3124254,1.3432949,1.3620037,1.35452,1.3984859,1.413453,1.4274846,1.4508708,1.420001,1.3002641,1.2619112,1.259105,1.2703301,1.2890389,1.299329,1.3844541,1.4190652,1.4302906,1.5378664,1.6669571,1.6912788,1.3040066,1.2946519,1.2665888,1.1487228,1.181463,1.1693023,1.267524,1.2562987,1.3152316,1.4059693,1.5200933,1.6014767
2020-01-01,1.8376019,1.8460146,1.903965,1.8964875,1.8796631,1.891814,1.9189202,1.9301364,2.006781,1.9469607,2.0058458,2.1404414,1.8086268,1.846949,1.8581654,1.9020954,1.8824673,1.8263855,1.7572186,1.7871288,1.8245165,1.8076919,1.8946183,1.8880752,1.771239,1.8133001,1.8329283,1.8104957,1.7918018,1.7805859,1.761892,1.752545,1.8076919,1.8217121,1.8376019,1.8048878
2020-02-01,1.7948471,1.8228624,1.83687,1.806987,1.7108009,1.723875,1.6482334,1.6052767,1.6426303,1.6715797,1.7145364,1.766832,1.5950049,1.5109587,1.483877,1.3979635,1.3811545,1.420376,1.4334497,1.4885466,1.4390528,1.4745386,1.3923604,1.414773,1.7873762,1.7369487,1.704264,1.7388165,1.7537581,1.6874549,1.6585058,1.6781166,1.7051985,1.7322795,1.7266766,1.7089332
2020-03-01,1.4393333,1.4365352,1.5176902,1.5661962,1.6268291,1.6044416,1.6053747,1.6594776,1.7014544,1.7117155,1.7257073,1.7602217,1.4309385,1.3992226,1.3647082,1.3152689,1.2826202,1.2481062,1.2816877,1.339522,1.3898942,1.3479174,1.340455,1.3469846,1.5083619,1.5251524,1.5214211,1.5036974,1.4915711,1.4887726,1.571793,1.5811214,1.5997777,1.5857852,1.6445526,1.7145135
2020-04-01,0.8724867,0.94697887,0.9851562,1.0242643,1.0242641,1.1173795,1.1350713,1.1741794,1.1723169,1.2225991,1.2235304,1.298022,0.71698487,0.60431606,0.57824373,0.6099027,0.6201454,0.63597506,0.63504386,0.68346375,0.65646046,0.67228997,0.7011555,0.7691294,0.93580496,0.830585,0.8371032,0.7933393,0.8035821,0.87248707,1.0009855,1.0829268,1.176973,1.2263238,1.2421534,1.2402909
2020-05-01,0.47204408,0.47483143,0.48876986,0.58819616,0.645808,0.6736848,0.7285086,0.7201456,0.7721818,0.8130673,0.78704965,0.82793504,0.6578878,0.6374452,0.7006322,0.71921635,0.7684649,0.76103127,0.84280235,0.9394415,1.043514,1.080683,1.1039133,1.1085595,0.6290821,0.63558674,0.5919133,0.6142145,0.6551002,0.76103127,0.9440876,1.0416557,1.0537355,1.1382948,1.1838262,1.2618811
2020-06-01,0.65937483,0.80961245,0.89493227,0.87082034,0.92553633,0.9190447,0.92553633,0.9079159,0.92368126,0.9459387,1.0062191,1.0664995,0.766025,0.74747705,0.75489604,0.79941094,0.8300148,0.8411435,0.88380384,0.9950908,1.0674272,1.0516614,1.1045226,1.1406908,0.7548963,0.7957016,0.8902954,0.9719058,0.9960178,1.0025095,1.093394,1.1731498,1.2278659,1.2797996,1.3029845,1.3484268
2020-07-01,1.1890093,1.1954918,1.2399404,1.1732669,1.1491905,1.1538206,1.2306803,1.2492005,1.1945652,1.3130962,1.344581,1.348285,1.1075194,1.0639966,1.1121495,1.1278918,1.1297438,1.1667845,1.2214199,1.2269762,1.2306805,1.2288282,1.2538308,1.2427187,1.2204939,1.350137,1.4029201,1.48904,1.5316368,1.50293,1.5186725,1.5084864,1.4918182,1.4418131,1.453851,1.4918177
2020-08-01,0.13394538,0.21893165,0.30576506,0.39906454,0.41014975,0.43878633,0.4711178,0.5246962,0.50714463,0.5468666,0.6207671,0.7057533,0.2290926,0.3020698,0.28267065,0.26881444,0.2521869,0.25126296,0.33532542,0.30668887,0.2817472,0.2919085,0.2992982,0.41569257,0.31315494,0.3344013,0.3029934,0.3528769,0.42215872,0.5385529,0.6420139,0.71314335,0.8064432,0.8304612,0.89789563,0.8794203
2020-09-01,0.5153244,0.54205835,0.47844958,0.5485117,0.5936829,0.5014966,0.52730876,0.47660598,0.51716816,0.548512,0.59460485,0.649917,0.6766515,0.73288506,0.7983379,0.845353,0.866556,0.84719676,0.8103221,0.8204627,0.8923686,0.8923685,0.9532118,0.94122756,0.65637004,0.71721345,0.8186189,0.9126495,0.88960284,1.0583043,1.1016325,1.0721328,1.1080859,1.0951793,1.0951796,1.1855227
2020-10-01,0.84286994,0.8971596,0.8953196,0.9523697,0.98733586,1.045306,1.0443863,0.9965374,0.9910164,1.0581882,1.0489872,1.0581882,0.7545341,0.70944625,0.7269293,0.7315301,0.80974436,0.8391894,0.8732355,0.9634117,0.9698526,1.0637095,1.0683101,1.037945,0.850231,0.93396604,0.910042,1.0029788,1.1354822,1.1115582,1.1410033,1.2109356,1.1916122,1.2459018,1.2302592,1.2238178
2020-11-01,0.4269236,0.43151388,0.49394536,0.5040447,0.6041192,0.563722,0.5765759,0.63441694,0.6757321,0.76478916,0.73999995,0.7491814,0.4911911,0.46823817,0.5444417,0.5618859,0.5756577,0.602283,0.6472705,0.6940944,0.7601987,0.8162039,0.83181155,0.8263028,0.49945408,0.6399256,0.72071946,0.7592804,0.8235487,0.8143671,0.7803971,0.83272964,0.8611914,0.8630272,0.8051863,0.8382384
2020-12-01,0.7064974,0.64052093,0.6863379,0.7138282,0.8100437,0.7853028,0.80637836,0.7944662,0.80271304,0.7660595,0.7257408,0.6927525,0.8127929,0.70833004,0.64327013,0.7239078,0.6964179,0.67809075,0.6927525,0.75689614,0.7944659,0.80546176,0.82653797,0.81370896,0.6909194,0.68084,0.63593924,0.6020347,0.73856926,0.81554157,0.8558608,0.9190882,1.0959414,1.159169,1.2572174,1.2416397
2021-01-01,0.740877,0.81770885,0.8588683,0.9091751,0.9091749,0.9091752,0.9576523,1.0061295,1.0555214,1.0719852,1.1039984,1.1597927,0.75551164,0.82319677,0.8478926,0.8826499,0.9137484,1.015276,1.0509479,1.0875345,1.0463748,1.0820467,1.0729,1.1140599,0.85795367,0.8552101,0.86344177,0.79667157,0.7975863,0.8058182,0.8789913,0.86344206,0.9311271,0.9713723,1.11223,1.1424143
2021-02-01,0.5832353,0.6434754,0.6078787,0.5923625,0.6069659,0.590537,0.6453007,0.7146679,0.7146683,0.75756663,0.7210573,0.7247082,0.5750205,0.6069658,0.6124423,0.5430748,0.6252205,0.6443878,0.6179188,0.5941877,0.5156929,0.56132954,0.63799894,0.6270462,0.51295465,0.5951006,0.6069657,0.6361731,0.67998445,0.71558064,0.8260213,0.7922502,0.7986393,0.83241034,0.826934,0.90086526
2021-03-01,0.6696364,0.6623479,0.691502,0.78898627,0.84820616,0.8582279,0.88555986,0.96208966,0.88829315,0.91198075,0.8636943,0.93749076,0.71063435,0.68785775,0.7142787,0.66599214,0.7452551,0.7361445,0.7343225,0.7862535,0.7252117,0.7844313,0.8081192,0.7807871,0.8072076,0.8673385,0.9757559,1.0759734,1.0832622,1.1734581,1.2618319,1.2017009,1.1242602,1.1160609,1.1707247,1.184391
2021-04-01,1.5490162,1.5517461,1.4998697,1.5080607,1.4816673,1.4998695,1.5535662,1.5053303,1.4671055,1.470746,1.5144314,1.4743861,1.4334314,1.4161389,1.4425323,1.3824646,1.4033972,1.416139,1.4443524,1.4143188,1.4206896,1.4416224,1.4598246,1.3742735,1.637297,1.5790496,1.6309264,1.6473081,1.6281955,1.6873535,1.678252,1.7055557,1.74105,1.7674433,1.7783651,1.7547016
2021-05-01,2.1106734,2.107944,2.0670044,2.035162,1.9687488,2.042441,2.060636,2.0833802,2.121591,2.1534328,2.1088538,2.0961168,2.1625304,2.1343274,2.1343277,2.1334178,2.0979369,2.132508,2.096117,2.0724633,2.0952075,2.0478992,1.9851248,1.9969518,2.2844403,2.2999063,2.357222,2.3763273,2.3226504,2.288079,2.2380414,2.2571468,2.1998315,2.1443353,2.0842903,2.0478995
2021-06-01,2.6874816,2.722053,2.6783838,2.6592784,2.6201582,2.49097,2.4309247,2.3517737,2.3081045,2.3199315,2.2626154,2.2553375,2.539188,2.5209923,2.5118952,2.510985,2.5137143,2.4745936,2.392714,2.3617814,2.343586,2.3617814,2.350864,2.3927135,2.6101506,2.5755792,2.5764887,2.6319852,2.6128798,2.5828571,2.5146239,2.4473004,2.3535933,2.3244803,2.3190217,2.3308492
2021-07-01,2.0469258,2.0632942,1.9969124,1.9878193,1.9478079,1.9378052,1.9314398,1.9650854,1.9814535,1.9187092,1.9569012,1.8977944,1.8596017,1.8123165,1.8059511,1.7350223,1.6740965,1.5631568,1.5195086,1.4676762,1.4367585,1.550426,1.5422419,1.5204179,1.8941568,1.8659674,1.7786705,1.7914013,1.7641214,1.7586651,1.6750057,1.6013489,1.5904372,1.5922556,1.5858902,1.5249646
2021-08-01,3.3980699,3.4590423,3.4963539,3.479063,3.4581323,3.4599526,3.3789597,3.3525681,3.3771393,3.4162705,3.414451,3.3998895,3.3516583,3.3944294,3.263385,3.14781,3.0176759,2.9339519,2.8074574,2.694613,2.5508275,2.4589143,2.420693,2.428883,3.3298175,3.3006961,3.2997863,3.2761257,3.185122,3.0467968,2.9658036,2.8911805,2.845679,2.7674158,2.6846027,2.6236305
2021-09-01,3.1176906,3.0748951,3.0557737,3.0676112,3.0657897,3.0867324,3.1231542,3.1240642,3.1140485,3.1349912,3.1468282,3.2296867,2.8800402,2.791717,2.786254,2.8326914,2.7525642,2.717053,2.683363,2.6569574,2.570456,2.4611907,2.3564785,2.3164153,2.9292092,2.7580276,2.6287305,2.5913985,2.54314,2.4302325,2.3473735,2.2426615,2.2235398,2.1570706,2.1206489,2.1015277
2021-10-01,4.2630014,4.2949233,4.291275,4.3879538,4.4627433,4.5174675,4.5667195,4.5804005,4.6333,4.670695,4.598642,4.6734314,4.054137,3.9483376,3.8425376,3.6902232,3.536084,3.4786232,3.40657,3.3427253,3.2560792,3.1867619,3.1137967,3.0827866,3.9975898,3.7905502,3.6345868,3.5068977,3.3199234,3.2351012,3.2004433,3.1156209,2.99614,2.9943156,2.9259105,2.9642174
2021-11-01,5.411275,5.454257,5.4423685,5.457916,5.480779,5.417677,5.396642,5.397557,5.3710356,5.2658644,5.2887278,5.315249,5.319822,5.2887278,5.292386,5.139659,4.9585824,4.7948813,4.654044,4.583625,4.529668,4.464736,4.4418726,4.3860865,5.2658644,5.135087,4.903711,4.6933684,4.4793687,4.274514,4.1345906,3.9059587,3.8199925,3.766035,3.7578044,3.579471
2021-12-01,5.5904694,5.5923033,5.622572,5.6950326,5.6592607,5.5877175,5.5895514,5.6519227,5.6977844,5.754652,5.7207146,5.6886115,5.3290606,5.1391954,5.053894,4.906221,4.6888394,4.525574,4.3292885,4.2311454,4.124748,4.0220194,3.894525,3.774369,5.3538256,5.253848,5.205236,5.24009,5.2712755,5.2483454,5.241008,5.159374,5.1089272,5.020874,4.89338,4.746625
2022-01-01,5.452305,5.40079,5.2766023,5.160693,5.088021,5.019947,5.009828,4.9914293,5.037425,5.085261,5.062263,5.113778,5.2499247,5.141375,4.98775,4.7973294,4.5977087,4.4864,4.27482,4.0678406,3.9160557,3.7771492,3.5996068,3.4110253,5.1947303,4.843325,4.6400247,4.4404044,4.261022,4.139594,3.981369,3.8498218,3.8277442,3.617085,3.5158947,3.3769886
2022-02-01,6.281824,6.332603,6.3335257,6.321523,6.3870745,6.460935,6.549567,6.5643396,6.6289673,6.678824,6.6769767,6.6409698,6.255973,6.239354,6.261512,6.256896,6.2855167,6.20704,6.129487,6.0417776,5.958685,5.867283,5.772187,5.697404,6.5070977,6.663129,6.6982117,6.692672,6.688056,6.729602,6.6732836,6.6197357,6.669591,6.6714373,6.637277,6.6382003
2022-03-01,7.345989,7.5528016,7.67151,7.7846527,7.7911453,7.7911453,7.7976365,7.856063,7.928402,7.9599333,8.028562,8.088842,7.2467566,7.3654647,7.2875624,7.1938944,7.3079667,7.297765,7.1772017,7.0631304,7.0835333,6.9305115,6.8396254,6.8961973,7.173491,7.1725645,7.0464373,7.065913,7.0315995,6.92402,6.778417,6.624467,6.4436226,6.3443904,6.3286247,6.299875
2022-04-01,9.34262,9.3547535,9.390219,9.33422,9.333287,9.388353,9.49942,9.558218,9.704752,9.729017,9.754217,9.775684,9.540486,9.8139515,9.953951,9.985683,10.032351,9.906351,9.801818,9.7280855,9.697286,9.704752,9.589952,9.371553,9.371553,9.33422,9.201688,9.069155,8.881556,8.819956,8.67249,8.515691,8.2842245,8.264626,8.15916,8.106893
2022-05-01,9.239416,9.364337,9.52401,9.631085,9.663019,9.655505,9.653627,9.663019,9.710921,9.771032,9.73628,9.726889,9.029025,8.978304,8.812998,8.711557,8.716253,8.622328,8.408178,8.377184,8.24381,8.069109,7.8305397,7.6483254,8.784819,8.550008,8.336796,8.217512,8.024965,7.9498243,7.8399324,7.730039,7.6342363,7.5835166,7.495227,7.399423
2022-06-01,9.628205,9.733157,9.78138,9.8296,9.875931,9.962918,10.079218,10.291014,10.481062,10.601144,10.680567,10.662601,9.440047,9.338877,9.32564,9.260399,9.176249,9.151665,8.999436,9.035366,8.972016,8.915285,8.943651,8.924741,9.5639105,9.546891,9.524199,9.444776,9.293491,9.274582,9.146937,9.003218,8.910558,8.8264065,8.749819,8.596645
2022-07-01,10.219396,10.349863,10.535566,10.703176,10.705081,10.736507,10.789838,10.7946,10.8365,10.954589,11.01649,10.990778,10.239393,10.200349,10.021312,9.871798,9.753709,9.555624,9.435632,9.374682,9.253737,9.286117,9.290878,9.269928,10.373671,10.380339,10.294629,10.157494,10.086069,9.908937,9.75466,9.724186,9.547055,9.37754,9.134697,8.933756
2022-08-01,10.1218405,10.239782,10.4219675,10.570592,10.661685,10.661684,10.64826,10.703876,10.70004,10.747025,10.772914,10.7288065,9.718157,9.604051,9.495699,9.323102,9.107356,8.894485,8.714218,8.514773,8.31341,8.128348,8.016161,7.910684,9.649118,9.61268,9.475563,9.238721,8.959689,8.7123,8.61833,8.538744,8.474501,8.416967,8.241495,8.082323
2022-09-01,10.232379,10.240105,10.2768,10.351157,10.444829,10.513392,10.503736,10.640863,10.597406,10.619618,10.667902,10.72198,10.138707,10.055659,10.039242,9.977439,9.9938545,9.891493,9.723463,9.637518,9.626895,9.556401,9.470455,9.474318,10.193751,10.19858,10.182164,10.139674,9.961988,9.795891,9.64621,9.553503,9.470454,9.3999605,9.35071,9.220343
2022-10-01,11.212635,11.402433,11.4579115,11.562057,11.677882,11.7742405,11.875464,11.985451,12.001023,12.01173,11.907585,11.9270525,11.424818,11.540644,11.633108,11.687616,11.673015,11.529938,11.473485,11.439419,11.321646,11.185382,11.09097,11.033545,11.2632475,11.295367,11.177595,11.092917,10.906039,10.765882,10.646163,10.533258,10.476806,10.290902,10.032,9.885028
2022-11-01,10.901467,10.878916,10.966182,11.005403,11.176013,11.297598,11.353488,11.430949,11.553515,11.568224,11.559399,11.621172,10.662218,10.674967,10.602407,10.537692,10.5229845,10.454348,10.3641405,10.369042,10.320017,10.3259,10.210197,10.235691,10.58868,10.412186,10.294522,10.217061,10.169016,10.071943,10.094496,10.090573,9.981735,9.864072,9.723858,9.588545
2022-12-01,10.720027,10.754593,10.7763195,10.816809,10.834585,10.921492,10.95902,10.996547,11.050863,10.989634,11.005435,11.062714,10.32204,10.274635,10.31315,10.250935,10.166991,10.107738,9.990217,9.940839,9.9319515,9.9991045,9.894423,9.862821,10.421783,10.344753,10.225257,10.092923,9.951702,9.780853,9.694935,9.644569,9.538899,9.386815,9.308797,9.271269
2023-01-01,9.962093,9.808999,9.743387,9.699644,9.708591,9.710581,9.723503,9.710581,9.712568,9.733445,9.687716,9.656898,9.617133,9.3010025,9.035572,8.877506,8.561376,8.397346,8.078234,7.9301085,7.820755,7.6348543,7.485736,7.362465,9.763269,9.566433,9.347727,9.128026,8.914289,8.65383,8.524592,8.277058,7.957944,7.7809906,7.6408195,7.4181356
2023-02-01,10.514915,10.502904,10.475876,10.481882,10.515917,10.512914,10.492892,10.469869,10.368764,10.37377,10.384781,10.317712,10.457857,10.404802,10.438837,10.417815,10.346741,10.317712,10.267659,10.13352,10.149537,10.1345215,10.023406,9.837212,10.339734,10.224615,10.051435,9.879256,9.732103,9.653021,9.472835,9.373732,9.241593,9.142491,9.040384,8.943284
2023-03-01,10.122259,10.171632,10.144426,10.115207,10.111176,10.175661,10.189768,10.173647,10.098078,10.144426,10.19279,10.227049,9.995302,9.947946,9.852224,9.861293,9.757512,9.58219,9.442135,9.318202,9.203337,9.041113,8.983681,8.900052,9.961044,9.915704,9.747436,9.604358,9.438105,9.325254,9.240618,9.173108,9.182177,9.073358,9.018947,8.952446
2023-04-01,8.594088,8.690309,8.799698,8.895918,9.00632,9.047847,9.06304,9.061014,9.134953,9.187621,9.125837,8.999229,8.122096,7.887114,7.537678,7.3107986,7.0403657,6.759804,6.56331,6.3718796,6.175386,6.0933447,6.007252,5.875581,7.9772577,7.580218,7.2702837,7.1396246,6.8580513,6.640287,6.4184713,6.1703215,6.092332,5.904953,5.7175746,5.5788136
2023-05-01,8.689646,8.607178,8.584779,8.479913,8.383191,8.406608,8.348576,8.371992,8.456495,8.450387,8.409662,8.393373,8.4982395,8.303778,8.13986,8.061465,7.9535446,7.882277,7.846643,7.806936,7.83748,7.710214,7.5116816,7.407833,8.598014,8.45955,8.284433,8.187713,8.004451,7.861914,7.774356,7.722432,7.5921125,7.454666,7.35591,7.2388253
2023-06-01,7.867717,7.692833,7.6406746,7.583403,7.5476074,7.564994,7.51488,7.5527215,7.594653,7.5568123,7.5701075,7.5578356,7.5803347,7.3277254,7.189659,7.1119323,6.881823,6.6793265,6.515692,6.363309,6.245696,6.230356,6.049336,5.8447943,7.6314697,7.3185205,7.19375,7.093524,6.97898,6.832733,6.7795515,6.6690993,6.6885314,6.676258,6.560692,6.372513
2023-07-01,6.5252395,6.401056,6.411319,6.300479,6.251216,6.2347946,6.2912416,6.2891893,6.2553215,6.190664,6.113691,6.0634027,6.1352434,5.5954075,5.262885,5.008362,4.7394705,4.4941835,4.310476,4.06211,3.9399796,3.9779534,3.997453,3.997453,6.217348,5.808879,5.3788576,5.0617304,4.789759,4.560893,4.3043184,4.1185565,4.0600576,3.947164,3.863007,3.7275352
2023-08-01,6.403743,6.145287,6.0526137,6.057762,6.0371675,5.9414053,5.838435,5.7694445,5.7550287,5.793128,5.7498803,5.801366,6.3677034,6.0268717,5.745762,5.5048103,5.377126,5.2762156,5.2082543,5.080571,4.9714217,4.917877,4.8560944,4.865362,6.1730895,5.849762,5.5006914,5.2226706,4.9405313,4.6120543,4.4431825,4.339183,4.2815194,4.1558948,4.051894,3.981874
2023-09-01,6.3874063,6.251043,6.1518693,6.01034,5.879142,5.7830667,5.8119926,5.8429847,5.931828,5.957654,5.994845,5.9989767,6.48658,6.4183984,6.3243904,6.2272825,6.2004232,6.1353407,6.157035,6.179762,5.975216,5.8295546,5.611579,5.526868,6.394637,6.110547,5.9814143,5.832654,5.711786,5.6560006,5.467984,5.3760414,5.1931906,5.1208754,5.0878186,4.8750076
2023-10-01,4.1146784,3.7763581,3.5652962,3.4390724,3.4007916,3.3376796,3.3149178,3.3304374,3.376995,3.455626,3.5011494,3.6666884,4.0908823,4.047428,3.9067197,3.7836003,3.6749654,3.500115,3.3531985,3.3676834,3.3045719,3.260083,3.2280097,3.3159528,3.9077544,3.5446033,3.3025024,3.1700711,3.0366058,2.909347,2.7924352,2.6786277,2.636208,2.6248279,2.5544736,2.5482655
2023-11-01,3.495156,3.2735372,3.1668699,3.1513362,3.091271,3.047776,2.9980671,2.9846046,2.935931,2.9504294,2.9846044,3.050882,3.6701725,3.4133434,3.2114015,3.110948,3.0425982,2.9452515,2.8002675,2.7163835,2.7029212,2.6076455,2.5703635,2.4854443,3.3698487,3.0322425,2.8675814,2.7184544,2.6055741,2.3798134,2.2203298,2.1488738,2.0763814,2.0183876,2.1126277,2.1592298
2023-12-01,3.5999966,3.4082313,3.3875003,3.3916466,3.3906093,3.3792076,3.4227433,3.414451,3.4963398,3.5844479,3.5740821,3.550241,3.8840148,3.73475,3.6196911,3.5388389,3.487011,3.4123778,3.3760974,3.2859166,3.2392707,3.1439068,3.1148834,3.0951881,3.8249314,3.683958,3.59585,3.5875576,3.5046318,3.4268894,3.3170135,3.2537827,3.2257953,3.3087208,3.3335986,3.349147
2024-01-01,3.8381476,3.790418,3.7634397,3.7478752,3.7738159,3.7520256,3.816358,3.8672013,3.8983295,3.8848405,3.8589005,3.9221954,3.9979413,3.9927533,3.9969037,3.9055932,3.8796527,3.868239,3.8007934,3.8640888,3.9408722,3.9782264,4.0207686,3.9470978,4.056048,4.058123,4.0446343,3.974076,3.9605873,3.9242702,3.8744645,3.7748528,3.7125962,3.7364616,3.7157092,3.7198594
2024-02-01,3.1549299,3.0656488,2.9711773,2.9493759,2.8684,2.8860497,2.8912401,2.8247983,2.8092258,2.810264,2.7614717,2.7344801,3.2089133,2.990902,2.8528283,2.836218,2.713717,2.6493518,2.561109,2.6161308,2.5932918,2.7147553,2.8102646,2.7324035,3.2473247,3.1403954,2.9950547,2.912003,2.8881254,2.7749677,2.7500522,2.749014,2.7438228,2.6763434,2.6431231,2.6877637
2024-03-01,2.9855425,2.8837743,2.8702743,2.8370442,2.7871983,2.751891,2.7383914,2.747737,2.7944674,2.8951972,2.9097354,2.9118125,2.9440045,2.8723512,2.9377735,2.8910434,2.776814,2.5753546,2.561855,2.5545852,2.519278,2.4891636,2.5452397,2.5140862,3.0104651,2.818352,2.5639315,2.3832412,2.3583188,2.3354726,2.3022425,2.3437808,2.32405,2.2721276,2.2586277,2.2648587
2024-04-01,2.1778407,2.0698829,2.0221326,1.9712675,1.9546589,1.9110603,1.9141747,1.8799187,1.9878769,2.0771492,2.140471,2.1560419,2.111405,1.9774959,1.9089844,1.9141744,1.9401261,1.9608872,1.9858007,1.9608873,2.0356271,2.05016,2.1581178,2.2733417,2.1487749,2.01279,1.846701,1.7615807,1.8031029,1.8300922,1.796874,1.8010266,1.850853,1.7989502,1.8332058,1.737705
2024-05-01,1.7084678,1.605773,1.6617882,1.5601305,1.5922883,1.6026608,1.5622054,1.6337808,1.6991322,1.6607511,1.6731987,1.7790054,1.7001696,1.5352353,1.4242417,1.4398018,1.4107568,1.4657347,1.4532869,1.3754876,1.382749,1.5435336,1.543534,1.6182209,1.9470518,1.8754765,1.799752,1.8007896,1.7281767,1.6752737,1.7385502,1.7551467,1.8630288,1.7707069,1.8204982,1.8713272
2024-06-01,1.9726257,1.9560401,1.884516,1.8793329,1.8793331,1.836833,1.9477478,2.0192723,2.0327477,2.1156745,2.0679917,2.057626,1.8928086,1.9104306,1.8275036,1.7953694,1.7943329,1.748723,1.750796,1.8057353,1.8026254,1.8378696,1.9394554,1.9508575,1.9643332,1.8814065,1.8181744,1.87726,1.8347595,1.8658574,1.9487845,1.9321989,1.9384184,2.0203087,2.029638,2.0545163
2024-07-01,2.2803714,2.3249223,2.3674006,2.41506,2.5041611,2.6160557,2.6253803,2.6429932,2.6523182,2.6906521,2.7797537,2.8398452,2.1809096,2.185054,2.1394675,2.1032052,2.136359,2.115638,2.170549,2.1539721,2.1146019,2.1146016,2.1270344,2.1342869,2.3000567,2.3456435,2.3301022,2.3311386,2.3611844,2.3995185,2.363257,2.3487518,2.465827,2.4150596,2.344607,2.2876246
2024-08-01,2.2503536,2.2358556,2.2752082,2.3000627,2.404658,2.5165029,2.5165029,2.53825,2.541357,2.720516,2.7671173,2.7816164,2.2938488,2.2472472,2.1788983,2.146794,2.1312602,2.0691242,2.1343672,2.1509366,2.0297713,1.9531376,2.0152736,1.952102,2.3228462,2.2441401,2.1996098,2.25139,2.2534611,2.2803864,2.299027,2.3207748,2.33838,2.4543667,2.4046583,2.3704836
2024-09-01,1.6439922,1.6760652,1.6553729,1.594331,1.55812,1.6119192,1.7236573,1.8240143,1.8809175,1.9388555,2.0071402,2.0878391,1.6481307,1.5819161,1.5932965,1.6357155,1.6770996,1.7039998,1.7815949,1.8126332,1.8695364,2.063008,2.127154,2.172677,1.7267612,1.7257267,1.6853768,1.719519,1.7898722,1.8012531,1.771249,1.7702144,1.7495222,1.7422802,1.7122765,1.6533039
2024-10-01,2.242014,2.2451165,2.1830685,2.179966,2.1458392,2.2254682,2.28338,2.4209206,2.5191636,2.5657,2.6287825,2.5853488,2.3702476,2.2813115,2.341292,2.3671455,2.394033,2.378521,2.4023056,2.4664226,2.508822,2.5843143,2.6525676,2.6856601,2.2420144,2.2337413,2.186171,2.2078881,2.2678676,2.1965122,2.1323957,2.0569034,1.9896847,1.9203972,1.8407685,1.7776861
2024-11-01,2.6985722,2.6199927,2.669622,2.688233,2.717183,2.7399297,2.6292984,2.6934025,2.630333,2.5962126,2.6996062,2.6913347,2.6158576,2.5869076,2.5776017,2.6903007,2.5889752,2.5228035,2.479378,2.4555972,2.424579,2.4483597,2.5010908,2.432851,2.686165,2.6871989,2.6241286,2.6055176,2.6468754,2.7295904,2.6903007,2.7099452,2.6903007,2.6324,2.6448078,2.6778936
