,RW(1),RW(1),RW(1),RW(1),RW(1),RW(1),RW(1),RW(1),RW(1),RW(1),RW(1),RW(1),RW(4),RW(4),RW(4),RW(4),RW(4),RW(4),RW(4),RW(4),RW(4),RW(4),RW(4),RW(4)
,1,2,3,4,5,6,7,8,9,10,11,12,1,2,3,4,5,6,7,8,9,10,11,12
Date,,,,,,,,,,,,,,,,,,,,,,,,
2009-12-01,2.923976608187129,2.923976608187129,2.923976608187129,2.923976608187129,2.923976608187129,2.923976608187129,2.923976608187129,2.923976608187129,2.923976608187129,2.923976608187129,2.923976608187129,2.923976608187129,1.8950391088598473,1.8950391088598473,1.8950391088598473,1.8950391088598473,1.8950391088598473,1.8950391088598473,1.8950391088598473,1.8950391088598473,1.8950391088598473,1.8950391088598473,1.8950391088598473,1.8950391088598473
2010-01-01,3.415783274440498,3.415783274440498,3.415783274440498,3.415783274440498,3.415783274440498,3.415783274440498,3.415783274440498,3.415783274440498,3.415783274440498,3.415783274440498,3.415783274440498,3.415783274440498,2.4586248810123665,2.4586248810123665,2.4586248810123665,2.4586248810123665,2.4586248810123665,2.4586248810123665,2.4586248810123665,2.4586248810123665,2.4586248810123665,2.4586248810123665,2.4586248810123665,2.4586248810123665
2010-02-01,3.0373831775700966,3.0373831775700966,3.0373831775700966,3.0373831775700966,3.0373831775700966,3.0373831775700966,3.0373831775700966,3.0373831775700966,3.0373831775700966,3.0373831775700966,3.0373831775700966,3.0373831775700966,2.8396237603874277,2.8396237603874277,2.8396237603874277,2.8396237603874277,2.8396237603874277,2.8396237603874277,2.8396237603874277,2.8396237603874277,2.8396237603874277,2.8396237603874277,2.8396237603874277,2.8396237603874277
2010-03-01,3.379953379953382,3.379953379953382,3.379953379953382,3.379953379953382,3.379953379953382,3.379953379953382,3.379953379953382,3.379953379953382,3.379953379953382,3.379953379953382,3.379953379953382,3.379953379953382,3.1892741100377764,3.1892741100377764,3.1892741100377764,3.1892741100377764,3.1892741100377764,3.1892741100377764,3.1892741100377764,3.1892741100377764,3.1892741100377764,3.1892741100377764,3.1892741100377764,3.1892741100377764
2010-04-01,3.7209302325581506,3.7209302325581506,3.7209302325581506,3.7209302325581506,3.7209302325581506,3.7209302325581506,3.7209302325581506,3.7209302325581506,3.7209302325581506,3.7209302325581506,3.7209302325581506,3.7209302325581506,3.388512516130532,3.388512516130532,3.388512516130532,3.388512516130532,3.388512516130532,3.388512516130532,3.388512516130532,3.388512516130532,3.388512516130532,3.388512516130532,3.388512516130532,3.388512516130532
2010-05-01,3.472222222222232,3.472222222222232,3.472222222222232,3.472222222222232,3.472222222222232,3.472222222222232,3.472222222222232,3.472222222222232,3.472222222222232,3.472222222222232,3.472222222222232,3.472222222222232,3.4026222530759656,3.4026222530759656,3.4026222530759656,3.4026222530759656,3.4026222530759656,3.4026222530759656,3.4026222530759656,3.4026222530759656,3.4026222530759656,3.4026222530759656,3.4026222530759656,3.4026222530759656
2010-06-01,3.2295271049596286,3.2295271049596286,3.2295271049596286,3.2295271049596286,3.2295271049596286,3.2295271049596286,3.2295271049596286,3.2295271049596286,3.2295271049596286,3.2295271049596286,3.2295271049596286,3.2295271049596286,3.450658234923348,3.450658234923348,3.450658234923348,3.450658234923348,3.450658234923348,3.450658234923348,3.450658234923348,3.450658234923348,3.450658234923348,3.450658234923348,3.450658234923348,3.450658234923348
2010-07-01,2.998846597462501,2.998846597462501,2.998846597462501,2.998846597462501,2.998846597462501,2.998846597462501,2.998846597462501,2.998846597462501,2.998846597462501,2.998846597462501,2.998846597462501,2.998846597462501,3.3553815393006285,3.3553815393006285,3.3553815393006285,3.3553815393006285,3.3553815393006285,3.3553815393006285,3.3553815393006285,3.3553815393006285,3.3553815393006285,3.3553815393006285,3.3553815393006285,3.3553815393006285
2010-08-01,3.218390804597693,3.218390804597693,3.218390804597693,3.218390804597693,3.218390804597693,3.218390804597693,3.218390804597693,3.218390804597693,3.218390804597693,3.218390804597693,3.218390804597693,3.218390804597693,3.2297466823105134,3.2297466823105134,3.2297466823105134,3.2297466823105134,3.2297466823105134,3.2297466823105134,3.2297466823105134,3.2297466823105134,3.2297466823105134,3.2297466823105134,3.2297466823105134,3.2297466823105134
2010-09-01,3.0998851894374235,3.0998851894374235,3.0998851894374235,3.0998851894374235,3.0998851894374235,3.0998851894374235,3.0998851894374235,3.0998851894374235,3.0998851894374235,3.0998851894374235,3.0998851894374235,3.0998851894374235,3.1366624241143115,3.1366624241143115,3.1366624241143115,3.1366624241143115,3.1366624241143115,3.1366624241143115,3.1366624241143115,3.1366624241143115,3.1366624241143115,3.1366624241143115,3.1366624241143115,3.1366624241143115
2010-10-01,3.2110091743119185,3.2110091743119185,3.2110091743119185,3.2110091743119185,3.2110091743119185,3.2110091743119185,3.2110091743119185,3.2110091743119185,3.2110091743119185,3.2110091743119185,3.2110091743119185,3.2110091743119185,3.132032941452384,3.132032941452384,3.132032941452384,3.132032941452384,3.132032941452384,3.132032941452384,3.132032941452384,3.132032941452384,3.132032941452384,3.132032941452384,3.132032941452384,3.132032941452384
2010-11-01,3.200000000000003,3.200000000000003,3.200000000000003,3.200000000000003,3.200000000000003,3.200000000000003,3.200000000000003,3.200000000000003,3.200000000000003,3.200000000000003,3.200000000000003,3.200000000000003,3.182321292086759,3.182321292086759,3.182321292086759,3.182321292086759,3.182321292086759,3.182321292086759,3.182321292086759,3.182321292086759,3.182321292086759,3.182321292086759,3.182321292086759,3.182321292086759
2010-12-01,3.6363636363636376,3.6363636363636376,3.6363636363636376,3.6363636363636376,3.6363636363636376,3.6363636363636376,3.6363636363636376,3.6363636363636376,3.6363636363636376,3.6363636363636376,3.6363636363636376,3.6363636363636376,3.286814500028245,3.286814500028245,3.286814500028245,3.286814500028245,3.286814500028245,3.286814500028245,3.286814500028245,3.286814500028245,3.286814500028245,3.286814500028245,3.286814500028245,3.286814500028245
2011-01-01,3.9863325740318922,3.9863325740318922,3.9863325740318922,3.9863325740318922,3.9863325740318922,3.9863325740318922,3.9863325740318922,3.9863325740318922,3.9863325740318922,3.9863325740318922,3.9863325740318922,3.9863325740318922,3.5084263461768628,3.5084263461768628,3.5084263461768628,3.5084263461768628,3.5084263461768628,3.5084263461768628,3.5084263461768628,3.5084263461768628,3.5084263461768628,3.5084263461768628,3.5084263461768628,3.5084263461768628
2011-02-01,4.308390022675734,4.308390022675734,4.308390022675734,4.308390022675734,4.308390022675734,4.308390022675734,4.308390022675734,4.308390022675734,4.308390022675734,4.308390022675734,4.308390022675734,4.308390022675734,3.7827715582678167,3.7827715582678167,3.7827715582678167,3.7827715582678167,3.7827715582678167,3.7827715582678167,3.7827715582678167,3.7827715582678167,3.7827715582678167,3.7827715582678167,3.7827715582678167,3.7827715582678167
2011-03-01,3.945885005636973,3.945885005636973,3.945885005636973,3.945885005636973,3.945885005636973,3.945885005636973,3.945885005636973,3.945885005636973,3.945885005636973,3.945885005636973,3.945885005636973,3.945885005636973,3.969242809677059,3.969242809677059,3.969242809677059,3.969242809677059,3.969242809677059,3.969242809677059,3.969242809677059,3.969242809677059,3.969242809677059,3.969242809677059,3.969242809677059,3.969242809677059
2011-04-01,4.484304932735417,4.484304932735417,4.484304932735417,4.484304932735417,4.484304932735417,4.484304932735417,4.484304932735417,4.484304932735417,4.484304932735417,4.484304932735417,4.484304932735417,4.484304932735417,4.181228133770004,4.181228133770004,4.181228133770004,4.181228133770004,4.181228133770004,4.181228133770004,4.181228133770004,4.181228133770004,4.181228133770004,4.181228133770004,4.181228133770004,4.181228133770004
2011-05-01,4.4742729306487705,4.4742729306487705,4.4742729306487705,4.4742729306487705,4.4742729306487705,4.4742729306487705,4.4742729306487705,4.4742729306487705,4.4742729306487705,4.4742729306487705,4.4742729306487705,4.4742729306487705,4.3032132229242235,4.3032132229242235,4.3032132229242235,4.3032132229242235,4.3032132229242235,4.3032132229242235,4.3032132229242235,4.3032132229242235,4.3032132229242235,4.3032132229242235,4.3032132229242235,4.3032132229242235
2011-06-01,4.245810055865928,4.245810055865928,4.245810055865928,4.245810055865928,4.245810055865928,4.245810055865928,4.245810055865928,4.245810055865928,4.245810055865928,4.245810055865928,4.245810055865928,4.245810055865928,4.287568231221773,4.287568231221773,4.287568231221773,4.287568231221773,4.287568231221773,4.287568231221773,4.287568231221773,4.287568231221773,4.287568231221773,4.287568231221773,4.287568231221773,4.287568231221773
2011-07-01,4.4792833146696465,4.4792833146696465,4.4792833146696465,4.4792833146696465,4.4792833146696465,4.4792833146696465,4.4792833146696465,4.4792833146696465,4.4792833146696465,4.4792833146696465,4.4792833146696465,4.4792833146696465,4.42091780847994,4.42091780847994,4.42091780847994,4.42091780847994,4.42091780847994,4.42091780847994,4.42091780847994,4.42091780847994,4.42091780847994,4.42091780847994,4.42091780847994,4.42091780847994
2011-08-01,4.454342984409809,4.454342984409809,4.454342984409809,4.454342984409809,4.454342984409809,4.454342984409809,4.454342984409809,4.454342984409809,4.454342984409809,4.454342984409809,4.454342984409809,4.454342984409809,4.413427321398538,4.413427321398538,4.413427321398538,4.413427321398538,4.413427321398538,4.413427321398538,4.413427321398538,4.413427321398538,4.413427321398538,4.413427321398538,4.413427321398538,4.413427321398538
2011-09-01,5.1224944320712895,5.1224944320712895,5.1224944320712895,5.1224944320712895,5.1224944320712895,5.1224944320712895,5.1224944320712895,5.1224944320712895,5.1224944320712895,5.1224944320712895,5.1224944320712895,5.1224944320712895,4.575482696754168,4.575482696754168,4.575482696754168,4.575482696754168,4.575482696754168,4.575482696754168,4.575482696754168,4.575482696754168,4.575482696754168,4.575482696754168,4.575482696754168,4.575482696754168
2011-10-01,5.000000000000004,5.000000000000004,5.000000000000004,5.000000000000004,5.000000000000004,5.000000000000004,5.000000000000004,5.000000000000004,5.000000000000004,5.000000000000004,5.000000000000004,5.000000000000004,4.764030182787687,4.764030182787687,4.764030182787687,4.764030182787687,4.764030182787687,4.764030182787687,4.764030182787687,4.764030182787687,4.764030182787687,4.764030182787687,4.764030182787687,4.764030182787687
2011-11-01,4.761904761904767,4.761904761904767,4.761904761904767,4.761904761904767,4.761904761904767,4.761904761904767,4.761904761904767,4.761904761904767,4.761904761904767,4.761904761904767,4.761904761904767,4.761904761904767,4.834685544596468,4.834685544596468,4.834685544596468,4.834685544596468,4.834685544596468,4.834685544596468,4.834685544596468,4.834685544596468,4.834685544596468,4.834685544596468,4.834685544596468,4.834685544596468
2011-12-01,4.2763157894736725,4.2763157894736725,4.2763157894736725,4.2763157894736725,4.2763157894736725,4.2763157894736725,4.2763157894736725,4.2763157894736725,4.2763157894736725,4.2763157894736725,4.2763157894736725,4.2763157894736725,4.790178745862433,4.790178745862433,4.790178745862433,4.790178745862433,4.790178745862433,4.790178745862433,4.790178745862433,4.790178745862433,4.790178745862433,4.790178745862433,4.790178745862433,4.790178745862433
2012-01-01,3.6144578313253017,3.6144578313253017,3.6144578313253017,3.6144578313253017,3.6144578313253017,3.6144578313253017,3.6144578313253017,3.6144578313253017,3.6144578313253017,3.6144578313253017,3.6144578313253017,3.6144578313253017,4.413169595675937,4.413169595675937,4.413169595675937,4.413169595675937,4.413169595675937,4.413169595675937,4.413169595675937,4.413169595675937,4.413169595675937,4.413169595675937,4.413169595675937,4.413169595675937
2012-02-01,3.3695652173912904,3.3695652173912904,3.3695652173912904,3.3695652173912904,3.3695652173912904,3.3695652173912904,3.3695652173912904,3.3695652173912904,3.3695652173912904,3.3695652173912904,3.3695652173912904,3.3695652173912904,4.005560900023758,4.005560900023758,4.005560900023758,4.005560900023758,4.005560900023758,4.005560900023758,4.005560900023758,4.005560900023758,4.005560900023758,4.005560900023758,4.005560900023758,4.005560900023758
2012-03-01,3.470715835141003,3.470715835141003,3.470715835141003,3.470715835141003,3.470715835141003,3.470715835141003,3.470715835141003,3.470715835141003,3.470715835141003,3.470715835141003,3.470715835141003,3.470715835141003,3.682763668332817,3.682763668332817,3.682763668332817,3.682763668332817,3.682763668332817,3.682763668332817,3.682763668332817,3.682763668332817,3.682763668332817,3.682763668332817,3.682763668332817,3.682763668332817
2012-04-01,3.0042918454935563,3.0042918454935563,3.0042918454935563,3.0042918454935563,3.0042918454935563,3.0042918454935563,3.0042918454935563,3.0042918454935563,3.0042918454935563,3.0042918454935563,3.0042918454935563,3.0042918454935563,3.364757682337788,3.364757682337788,3.364757682337788,3.364757682337788,3.364757682337788,3.364757682337788,3.364757682337788,3.364757682337788,3.364757682337788,3.364757682337788,3.364757682337788,3.364757682337788
2012-05-01,2.676659528907921,2.676659528907921,2.676659528907921,2.676659528907921,2.676659528907921,2.676659528907921,2.676659528907921,2.676659528907921,2.676659528907921,2.676659528907921,2.676659528907921,2.676659528907921,3.130308106733443,3.130308106733443,3.130308106733443,3.130308106733443,3.130308106733443,3.130308106733443,3.130308106733443,3.130308106733443,3.130308106733443,3.130308106733443,3.130308106733443,3.130308106733443
2012-06-01,2.3579849946409492,2.3579849946409492,2.3579849946409492,2.3579849946409492,2.3579849946409492,2.3579849946409492,2.3579849946409492,2.3579849946409492,2.3579849946409492,2.3579849946409492,2.3579849946409492,2.3579849946409492,2.877413051045857,2.877413051045857,2.877413051045857,2.877413051045857,2.877413051045857,2.877413051045857,2.877413051045857,2.877413051045857,2.877413051045857,2.877413051045857,2.877413051045857,2.877413051045857
2012-07-01,2.4651661307609762,2.4651661307609762,2.4651661307609762,2.4651661307609762,2.4651661307609762,2.4651661307609762,2.4651661307609762,2.4651661307609762,2.4651661307609762,2.4651661307609762,2.4651661307609762,2.4651661307609762,2.6260256249508505,2.6260256249508505,2.6260256249508505,2.6260256249508505,2.6260256249508505,2.6260256249508505,2.6260256249508505,2.6260256249508505,2.6260256249508505,2.6260256249508505,2.6260256249508505,2.6260256249508505
2012-08-01,2.452025586353934,2.452025586353934,2.452025586353934,2.452025586353934,2.452025586353934,2.452025586353934,2.452025586353934,2.452025586353934,2.452025586353934,2.452025586353934,2.452025586353934,2.452025586353934,2.487959060165945,2.487959060165945,2.487959060165945,2.487959060165945,2.487959060165945,2.487959060165945,2.487959060165945,2.487959060165945,2.487959060165945,2.487959060165945,2.487959060165945,2.487959060165945
2012-09-01,2.2245762711864403,2.2245762711864403,2.2245762711864403,2.2245762711864403,2.2245762711864403,2.2245762711864403,2.2245762711864403,2.2245762711864403,2.2245762711864403,2.2245762711864403,2.2245762711864403,2.2245762711864403,2.374938245735575,2.374938245735575,2.374938245735575,2.374938245735575,2.374938245735575,2.374938245735575,2.374938245735575,2.374938245735575,2.374938245735575,2.374938245735575,2.374938245735575,2.374938245735575
2012-10-01,2.645502645502651,2.645502645502651,2.645502645502651,2.645502645502651,2.645502645502651,2.645502645502651,2.645502645502651,2.645502645502651,2.645502645502651,2.645502645502651,2.645502645502651,2.645502645502651,2.4468176584510006,2.4468176584510006,2.4468176584510006,2.4468176584510006,2.4468176584510006,2.4468176584510006,2.4468176584510006,2.4468176584510006,2.4468176584510006,2.4468176584510006,2.4468176584510006,2.4468176584510006
2012-11-01,2.748414376321362,2.748414376321362,2.748414376321362,2.748414376321362,2.748414376321362,2.748414376321362,2.748414376321362,2.748414376321362,2.748414376321362,2.748414376321362,2.748414376321362,2.748414376321362,2.517629719841097,2.517629719841097,2.517629719841097,2.517629719841097,2.517629719841097,2.517629719841097,2.517629719841097,2.517629719841097,2.517629719841097,2.517629719841097,2.517629719841097,2.517629719841097
2012-12-01,2.628811777076767,2.628811777076767,2.628811777076767,2.628811777076767,2.628811777076767,2.628811777076767,2.628811777076767,2.628811777076767,2.628811777076767,2.628811777076767,2.628811777076767,2.628811777076767,2.561826267521805,2.561826267521805,2.561826267521805,2.561826267521805,2.561826267521805,2.561826267521805,2.561826267521805,2.561826267521805,2.561826267521805,2.561826267521805,2.561826267521805,2.561826267521805
2013-01-01,2.6427061310782207,2.6427061310782207,2.6427061310782207,2.6427061310782207,2.6427061310782207,2.6427061310782207,2.6427061310782207,2.6427061310782207,2.6427061310782207,2.6427061310782207,2.6427061310782207,2.6427061310782207,2.66635873249475,2.66635873249475,2.66635873249475,2.66635873249475,2.66635873249475,2.66635873249475,2.66635873249475,2.66635873249475,2.66635873249475,2.66635873249475,2.66635873249475,2.66635873249475
2013-02-01,2.8391167192429068,2.8391167192429068,2.8391167192429068,2.8391167192429068,2.8391167192429068,2.8391167192429068,2.8391167192429068,2.8391167192429068,2.8391167192429068,2.8391167192429068,2.8391167192429068,2.8391167192429068,2.714762250929814,2.714762250929814,2.714762250929814,2.714762250929814,2.714762250929814,2.714762250929814,2.714762250929814,2.714762250929814,2.714762250929814,2.714762250929814,2.714762250929814,2.714762250929814
2013-03-01,2.8301886792452713,2.8301886792452713,2.8301886792452713,2.8301886792452713,2.8301886792452713,2.8301886792452713,2.8301886792452713,2.8301886792452713,2.8301886792452713,2.8301886792452713,2.8301886792452713,2.8301886792452713,2.735205826660791,2.735205826660791,2.735205826660791,2.735205826660791,2.735205826660791,2.735205826660791,2.735205826660791,2.735205826660791,2.735205826660791,2.735205826660791,2.735205826660791,2.735205826660791
2013-04-01,2.3958333333333304,2.3958333333333304,2.3958333333333304,2.3958333333333304,2.3958333333333304,2.3958333333333304,2.3958333333333304,2.3958333333333304,2.3958333333333304,2.3958333333333304,2.3958333333333304,2.3958333333333304,2.6769612157249325,2.6769612157249325,2.6769612157249325,2.6769612157249325,2.6769612157249325,2.6769612157249325,2.6769612157249325,2.6769612157249325,2.6769612157249325,2.6769612157249325,2.6769612157249325,2.6769612157249325
2013-05-01,2.711157455683,2.711157455683,2.711157455683,2.711157455683,2.711157455683,2.711157455683,2.711157455683,2.711157455683,2.711157455683,2.711157455683,2.711157455683,2.711157455683,2.694074046876127,2.694074046876127,2.694074046876127,2.694074046876127,2.694074046876127,2.694074046876127,2.694074046876127,2.694074046876127,2.694074046876127,2.694074046876127,2.694074046876127,2.694074046876127
2013-06-01,2.9319371727748678,2.9319371727748678,2.9319371727748678,2.9319371727748678,2.9319371727748678,2.9319371727748678,2.9319371727748678,2.9319371727748678,2.9319371727748678,2.9319371727748678,2.9319371727748678,2.9319371727748678,2.7172791602591175,2.7172791602591175,2.7172791602591175,2.7172791602591175,2.7172791602591175,2.7172791602591175,2.7172791602591175,2.7172791602591175,2.7172791602591175,2.7172791602591175,2.7172791602591175,2.7172791602591175
2013-07-01,2.8242677824267703,2.8242677824267703,2.8242677824267703,2.8242677824267703,2.8242677824267703,2.8242677824267703,2.8242677824267703,2.8242677824267703,2.8242677824267703,2.8242677824267703,2.8242677824267703,2.8242677824267703,2.715798936054492,2.715798936054492,2.715798936054492,2.715798936054492,2.715798936054492,2.715798936054492,2.715798936054492,2.715798936054492,2.715798936054492,2.715798936054492,2.715798936054492,2.715798936054492
2013-08-01,2.7055150884495394,2.7055150884495394,2.7055150884495394,2.7055150884495394,2.7055150884495394,2.7055150884495394,2.7055150884495394,2.7055150884495394,2.7055150884495394,2.7055150884495394,2.7055150884495394,2.7055150884495394,2.7932193748335443,2.7932193748335443,2.7932193748335443,2.7932193748335443,2.7932193748335443,2.7932193748335443,2.7932193748335443,2.7932193748335443,2.7932193748335443,2.7932193748335443,2.7932193748335443,2.7932193748335443
2013-09-01,2.694300518134707,2.694300518134707,2.694300518134707,2.694300518134707,2.694300518134707,2.694300518134707,2.694300518134707,2.694300518134707,2.694300518134707,2.694300518134707,2.694300518134707,2.694300518134707,2.789005140446471,2.789005140446471,2.789005140446471,2.789005140446471,2.789005140446471,2.789005140446471,2.789005140446471,2.789005140446471,2.789005140446471,2.789005140446471,2.789005140446471,2.789005140446471
2013-10-01,2.1649484536082397,2.1649484536082397,2.1649484536082397,2.1649484536082397,2.1649484536082397,2.1649484536082397,2.1649484536082397,2.1649484536082397,2.1649484536082397,2.1649484536082397,2.1649484536082397,2.1649484536082397,2.5972579606548143,2.5972579606548143,2.5972579606548143,2.5972579606548143,2.5972579606548143,2.5972579606548143,2.5972579606548143,2.5972579606548143,2.5972579606548143,2.5972579606548143,2.5972579606548143,2.5972579606548143
2013-11-01,2.0576131687242816,2.0576131687242816,2.0576131687242816,2.0576131687242816,2.0576131687242816,2.0576131687242816,2.0576131687242816,2.0576131687242816,2.0576131687242816,2.0576131687242816,2.0576131687242816,2.0576131687242816,2.405594307229192,2.405594307229192,2.405594307229192,2.405594307229192,2.405594307229192,2.405594307229192,2.405594307229192,2.405594307229192,2.405594307229192,2.405594307229192,2.405594307229192,2.405594307229192
2013-12-01,2.049180327868849,2.049180327868849,2.049180327868849,2.049180327868849,2.049180327868849,2.049180327868849,2.049180327868849,2.049180327868849,2.049180327868849,2.049180327868849,2.049180327868849,2.049180327868849,2.2415106170840193,2.2415106170840193,2.2415106170840193,2.2415106170840193,2.2415106170840193,2.2415106170840193,2.2415106170840193,2.2415106170840193,2.2415106170840193,2.2415106170840193,2.2415106170840193,2.2415106170840193
2014-01-01,1.9567456230690006,1.9567456230690006,1.9567456230690006,1.9567456230690006,1.9567456230690006,1.9567456230690006,1.9567456230690006,1.9567456230690006,1.9567456230690006,1.9567456230690006,1.9567456230690006,1.9567456230690006,2.0571218933175928,2.0571218933175928,2.0571218933175928,2.0571218933175928,2.0571218933175928,2.0571218933175928,2.0571218933175928,2.0571218933175928,2.0571218933175928,2.0571218933175928,2.0571218933175928,2.0571218933175928
2014-02-01,1.7382413087934534,1.7382413087934534,1.7382413087934534,1.7382413087934534,1.7382413087934534,1.7382413087934534,1.7382413087934534,1.7382413087934534,1.7382413087934534,1.7382413087934534,1.7382413087934534,1.7382413087934534,1.9504451071138962,1.9504451071138962,1.9504451071138962,1.9504451071138962,1.9504451071138962,1.9504451071138962,1.9504451071138962,1.9504451071138962,1.9504451071138962,1.9504451071138962,1.9504451071138962,1.9504451071138962
2014-03-01,1.6309887869520923,1.6309887869520923,1.6309887869520923,1.6309887869520923,1.6309887869520923,1.6309887869520923,1.6309887869520923,1.6309887869520923,1.6309887869520923,1.6309887869520923,1.6309887869520923,1.6309887869520923,1.8437890116708489,1.8437890116708489,1.8437890116708489,1.8437890116708489,1.8437890116708489,1.8437890116708489,1.8437890116708489,1.8437890116708489,1.8437890116708489,1.8437890116708489,1.8437890116708489,1.8437890116708489
2014-04-01,1.831129196337744,1.831129196337744,1.831129196337744,1.831129196337744,1.831129196337744,1.831129196337744,1.831129196337744,1.831129196337744,1.831129196337744,1.831129196337744,1.831129196337744,1.831129196337744,1.7892762287880726,1.7892762287880726,1.7892762287880726,1.7892762287880726,1.7892762287880726,1.7892762287880726,1.7892762287880726,1.7892762287880726,1.7892762287880726,1.7892762287880726,1.7892762287880726,1.7892762287880726
2014-05-01,1.522842639593902,1.522842639593902,1.522842639593902,1.522842639593902,1.522842639593902,1.522842639593902,1.522842639593902,1.522842639593902,1.522842639593902,1.522842639593902,1.522842639593902,1.522842639593902,1.680800482919298,1.680800482919298,1.680800482919298,1.680800482919298,1.680800482919298,1.680800482919298,1.680800482919298,1.680800482919298,1.680800482919298,1.680800482919298,1.680800482919298,1.680800482919298
2014-06-01,1.9328585961342792,1.9328585961342792,1.9328585961342792,1.9328585961342792,1.9328585961342792,1.9328585961342792,1.9328585961342792,1.9328585961342792,1.9328585961342792,1.9328585961342792,1.9328585961342792,1.9328585961342792,1.7294548047545044,1.7294548047545044,1.7294548047545044,1.7294548047545044,1.7294548047545044,1.7294548047545044,1.7294548047545044,1.7294548047545044,1.7294548047545044,1.7294548047545044,1.7294548047545044,1.7294548047545044
2014-07-01,1.6276703967446737,1.6276703967446737,1.6276703967446737,1.6276703967446737,1.6276703967446737,1.6276703967446737,1.6276703967446737,1.6276703967446737,1.6276703967446737,1.6276703967446737,1.6276703967446737,1.6276703967446737,1.7286252072026498,1.7286252072026498,1.7286252072026498,1.7286252072026498,1.7286252072026498,1.7286252072026498,1.7286252072026498,1.7286252072026498,1.7286252072026498,1.7286252072026498,1.7286252072026498,1.7286252072026498
2014-08-01,1.5197568389057725,1.5197568389057725,1.5197568389057725,1.5197568389057725,1.5197568389057725,1.5197568389057725,1.5197568389057725,1.5197568389057725,1.5197568389057725,1.5197568389057725,1.5197568389057725,1.5197568389057725,1.650782117844657,1.650782117844657,1.650782117844657,1.650782117844657,1.650782117844657,1.650782117844657,1.650782117844657,1.650782117844657,1.650782117844657,1.650782117844657,1.650782117844657,1.650782117844657
2014-09-01,1.2108980827447047,1.2108980827447047,1.2108980827447047,1.2108980827447047,1.2108980827447047,1.2108980827447047,1.2108980827447047,1.2108980827447047,1.2108980827447047,1.2108980827447047,1.2108980827447047,1.2108980827447047,1.5727959786323575,1.5727959786323575,1.5727959786323575,1.5727959786323575,1.5727959786323575,1.5727959786323575,1.5727959786323575,1.5727959786323575,1.5727959786323575,1.5727959786323575,1.5727959786323575,1.5727959786323575
2014-10-01,1.31180625630678,1.31180625630678,1.31180625630678,1.31180625630678,1.31180625630678,1.31180625630678,1.31180625630678,1.31180625630678,1.31180625630678,1.31180625630678,1.31180625630678,1.31180625630678,1.4175328936754827,1.4175328936754827,1.4175328936754827,1.4175328936754827,1.4175328936754827,1.4175328936754827,1.4175328936754827,1.4175328936754827,1.4175328936754827,1.4175328936754827,1.4175328936754827,1.4175328936754827
2014-11-01,0.9072580645161255,0.9072580645161255,0.9072580645161255,0.9072580645161255,0.9072580645161255,0.9072580645161255,0.9072580645161255,0.9072580645161255,0.9072580645161255,0.9072580645161255,0.9072580645161255,0.9072580645161255,1.2374298106183457,1.2374298106183457,1.2374298106183457,1.2374298106183457,1.2374298106183457,1.2374298106183457,1.2374298106183457,1.2374298106183457,1.2374298106183457,1.2374298106183457,1.2374298106183457,1.2374298106183457
2014-12-01,0.5020080321285203,0.5020080321285203,0.5020080321285203,0.5020080321285203,0.5020080321285203,0.5020080321285203,0.5020080321285203,0.5020080321285203,0.5020080321285203,0.5020080321285203,0.5020080321285203,0.5020080321285203,0.9829926089240326,0.9829926089240326,0.9829926089240326,0.9829926089240326,0.9829926089240326,0.9829926089240326,0.9829926089240326,0.9829926089240326,0.9829926089240326,0.9829926089240326,0.9829926089240326,0.9829926089240326
2015-01-01,0.3030303030302939,0.3030303030302939,0.3030303030302939,0.3030303030302939,0.3030303030302939,0.3030303030302939,0.3030303030302939,0.3030303030302939,0.3030303030302939,0.3030303030302939,0.3030303030302939,0.3030303030302939,0.7560256639954299,0.7560256639954299,0.7560256639954299,0.7560256639954299,0.7560256639954299,0.7560256639954299,0.7560256639954299,0.7560256639954299,0.7560256639954299,0.7560256639954299,0.7560256639954299,0.7560256639954299
2015-02-01,0.0,0.0,0.0,0.0,0.0,0.0,0.0,0.0,0.0,0.0,0.0,0.0,0.4280740999187349,0.4280740999187349,0.4280740999187349,0.4280740999187349,0.4280740999187349,0.4280740999187349,0.4280740999187349,0.4280740999187349,0.4280740999187349,0.4280740999187349,0.4280740999187349,0.4280740999187349
2015-03-01,0.0,0.0,0.0,0.0,0.0,0.0,0.0,0.0,0.0,0.0,0.0,0.0,0.20125958378970354,0.20125958378970354,0.20125958378970354,0.20125958378970354,0.20125958378970354,0.20125958378970354,0.20125958378970354,0.20125958378970354,0.20125958378970354,0.20125958378970354,0.20125958378970354,0.20125958378970354
2015-04-01,-0.19980019980019303,-0.19980019980019303,-0.19980019980019303,-0.19980019980019303,-0.19980019980019303,-0.19980019980019303,-0.19980019980019303,-0.19980019980019303,-0.19980019980019303,-0.19980019980019303,-0.19980019980019303,-0.19980019980019303,0.02580752580752521,0.02580752580752521,0.02580752580752521,0.02580752580752521,0.02580752580752521,0.02580752580752521,0.02580752580752521,0.02580752580752521,0.02580752580752521,0.02580752580752521,0.02580752580752521,0.02580752580752521
2015-05-01,0.09999999999998899,0.09999999999998899,0.09999999999998899,0.09999999999998899,0.09999999999998899,0.09999999999998899,0.09999999999998899,0.09999999999998899,0.09999999999998899,0.09999999999998899,0.09999999999998899,0.09999999999998899,-0.024950049950051012,-0.024950049950051012,-0.024950049950051012,-0.024950049950051012,-0.024950049950051012,-0.024950049950051012,-0.024950049950051012,-0.024950049950051012,-0.024950049950051012,-0.024950049950051012,-0.024950049950051012,-0.024950049950051012
2015-06-01,0.0,0.0,0.0,0.0,0.0,0.0,0.0,0.0,0.0,0.0,0.0,0.0,-0.024950049950051012,-0.024950049950051012,-0.024950049950051012,-0.024950049950051012,-0.024950049950051012,-0.024950049950051012,-0.024950049950051012,-0.024950049950051012,-0.024950049950051012,-0.024950049950051012,-0.024950049950051012,-0.024950049950051012
2015-07-01,0.10010010010008674,0.10010010010008674,0.10010010010008674,0.10010010010008674,0.10010010010008674,0.10010010010008674,0.10010010010008674,0.10010010010008674,0.10010010010008674,0.10010010010008674,0.10010010010008674,0.10010010010008674,7.497507497067346e-05,7.497507497067346e-05,7.497507497067346e-05,7.497507497067346e-05,7.497507497067346e-05,7.497507497067346e-05,7.497507497067346e-05,7.497507497067346e-05,7.497507497067346e-05,7.497507497067346e-05,7.497507497067346e-05,7.497507497067346e-05
2015-08-01,0.09980039920158834,0.09980039920158834,0.09980039920158834,0.09980039920158834,0.09980039920158834,0.09980039920158834,0.09980039920158834,0.09980039920158834,0.09980039920158834,0.09980039920158834,0.09980039920158834,0.09980039920158834,0.07497512482541602,0.07497512482541602,0.07497512482541602,0.07497512482541602,0.07497512482541602,0.07497512482541602,0.07497512482541602,0.07497512482541602,0.07497512482541602,0.07497512482541602,0.07497512482541602,0.07497512482541602
2015-09-01,-0.09970089730807485,-0.09970089730807485,-0.09970089730807485,-0.09970089730807485,-0.09970089730807485,-0.09970089730807485,-0.09970089730807485,-0.09970089730807485,-0.09970089730807485,-0.09970089730807485,-0.09970089730807485,-0.09970089730807485,0.025049900498400057,0.025049900498400057,0.025049900498400057,0.025049900498400057,0.025049900498400057,0.025049900498400057,0.025049900498400057,0.025049900498400057,0.025049900498400057,0.025049900498400057,0.025049900498400057,0.025049900498400057
2015-10-01,-0.09960159362550902,-0.09960159362550902,-0.09960159362550902,-0.09960159362550902,-0.09960159362550902,-0.09960159362550902,-0.09960159362550902,-0.09960159362550902,-0.09960159362550902,-0.09960159362550902,-0.09960159362550902,-0.09960159362550902,0.00014950209202280185,0.00014950209202280185,0.00014950209202280185,0.00014950209202280185,0.00014950209202280185,0.00014950209202280185,0.00014950209202280185,0.00014950209202280185,0.00014950209202280185,0.00014950209202280185,0.00014950209202280185,0.00014950209202280185
2015-11-01,0.19980019980019303,0.19980019980019303,0.19980019980019303,0.19980019980019303,0.19980019980019303,0.19980019980019303,0.19980019980019303,0.19980019980019303,0.19980019980019303,0.19980019980019303,0.19980019980019303,0.19980019980019303,0.025074527017049375,0.025074527017049375,0.025074527017049375,0.025074527017049375,0.025074527017049375,0.025074527017049375,0.025074527017049375,0.025074527017049375,0.025074527017049375,0.025074527017049375,0.025074527017049375,0.025074527017049375
2015-12-01,0.19980019980019303,0.19980019980019303,0.19980019980019303,0.19980019980019303,0.19980019980019303,0.19980019980019303,0.19980019980019303,0.19980019980019303,0.19980019980019303,0.19980019980019303,0.19980019980019303,0.19980019980019303,0.05007447716670055,0.05007447716670055,0.05007447716670055,0.05007447716670055,0.05007447716670055,0.05007447716670055,0.05007447716670055,0.05007447716670055,0.05007447716670055,0.05007447716670055,0.05007447716670055,0.05007447716670055
2016-01-01,0.20140986908359082,0.20140986908359082,0.20140986908359082,0.20140986908359082,0.20140986908359082,0.20140986908359082,0.20140986908359082,0.20140986908359082,0.20140986908359082,0.20140986908359082,0.20140986908359082,0.20140986908359082,0.12535216876461697,0.12535216876461697,0.12535216876461697,0.12535216876461697,0.12535216876461697,0.12535216876461697,0.12535216876461697,0.12535216876461697,0.12535216876461697,0.12535216876461697,0.12535216876461697,0.12535216876461697
2016-02-01,0.3015075376884502,0.3015075376884502,0.3015075376884502,0.3015075376884502,0.3015075376884502,0.3015075376884502,0.3015075376884502,0.3015075376884502,0.3015075376884502,0.3015075376884502,0.3015075376884502,0.3015075376884502,0.22562945159310677,0.22562945159310677,0.22562945159310677,0.22562945159310677,0.22562945159310677,0.22562945159310677,0.22562945159310677,0.22562945159310677,0.22562945159310677,0.22562945159310677,0.22562945159310677,0.22562945159310677
2016-03-01,0.5015045135406293,0.5015045135406293,0.5015045135406293,0.5015045135406293,0.5015045135406293,0.5015045135406293,0.5015045135406293,0.5015045135406293,0.5015045135406293,0.5015045135406293,0.5015045135406293,0.5015045135406293,0.30105553002821583,0.30105553002821583,0.30105553002821583,0.30105553002821583,0.30105553002821583,0.30105553002821583,0.30105553002821583,0.30105553002821583,0.30105553002821583,0.30105553002821583,0.30105553002821583,0.30105553002821583
2016-04-01,0.30030030030030463,0.30030030030030463,0.30030030030030463,0.30030030030030463,0.30030030030030463,0.30030030030030463,0.30030030030030463,0.30030030030030463,0.30030030030030463,0.30030030030030463,0.30030030030030463,0.30030030030030463,0.32618055515324373,0.32618055515324373,0.32618055515324373,0.32618055515324373,0.32618055515324373,0.32618055515324373,0.32618055515324373,0.32618055515324373,0.32618055515324373,0.32618055515324373,0.32618055515324373,0.32618055515324373
2016-05-01,0.29970029970030065,0.29970029970030065,0.29970029970030065,0.29970029970030065,0.29970029970030065,0.29970029970030065,0.29970029970030065,0.29970029970030065,0.29970029970030065,0.29970029970030065,0.29970029970030065,0.29970029970030065,0.3507531628074212,0.3507531628074212,0.3507531628074212,0.3507531628074212,0.3507531628074212,0.3507531628074212,0.3507531628074212,0.3507531628074212,0.3507531628074212,0.3507531628074212,0.3507531628074212,0.3507531628074212
2016-06-01,0.39920159680637557,0.39920159680637557,0.39920159680637557,0.39920159680637557,0.39920159680637557,0.39920159680637557,0.39920159680637557,0.39920159680637557,0.39920159680637557,0.39920159680637557,0.39920159680637557,0.39920159680637557,0.37517667758690254,0.37517667758690254,0.37517667758690254,0.37517667758690254,0.37517667758690254,0.37517667758690254,0.37517667758690254,0.37517667758690254,0.37517667758690254,0.37517667758690254,0.37517667758690254,0.37517667758690254
2016-07-01,0.6000000000000005,0.6000000000000005,0.6000000000000005,0.6000000000000005,0.6000000000000005,0.6000000000000005,0.6000000000000005,0.6000000000000005,0.6000000000000005,0.6000000000000005,0.6000000000000005,0.6000000000000005,0.39980054920174535,0.39980054920174535,0.39980054920174535,0.39980054920174535,0.39980054920174535,0.39980054920174535,0.39980054920174535,0.39980054920174535,0.39980054920174535,0.39980054920174535,0.39980054920174535,0.39980054920174535
2016-08-01,0.5982053838484713,0.5982053838484713,0.5982053838484713,0.5982053838484713,0.5982053838484713,0.5982053838484713,0.5982053838484713,0.5982053838484713,0.5982053838484713,0.5982053838484713,0.5982053838484713,0.5982053838484713,0.474276820088787,0.474276820088787,0.474276820088787,0.474276820088787,0.474276820088787,0.474276820088787,0.474276820088787,0.474276820088787,0.474276820088787,0.474276820088787,0.474276820088787,0.474276820088787
2016-09-01,0.8982035928143617,0.8982035928143617,0.8982035928143617,0.8982035928143617,0.8982035928143617,0.8982035928143617,0.8982035928143617,0.8982035928143617,0.8982035928143617,0.8982035928143617,0.8982035928143617,0.8982035928143617,0.6239026433673023,0.6239026433673023,0.6239026433673023,0.6239026433673023,0.6239026433673023,0.6239026433673023,0.6239026433673023,0.6239026433673023,0.6239026433673023,0.6239026433673023,0.6239026433673023,0.6239026433673023
2016-10-01,0.8973080757726848,0.8973080757726848,0.8973080757726848,0.8973080757726848,0.8973080757726848,0.8973080757726848,0.8973080757726848,0.8973080757726848,0.8973080757726848,0.8973080757726848,0.8973080757726848,0.8973080757726848,0.7484292631088796,0.7484292631088796,0.7484292631088796,0.7484292631088796,0.7484292631088796,0.7484292631088796,0.7484292631088796,0.7484292631088796,0.7484292631088796,0.7484292631088796,0.7484292631088796,0.7484292631088796
2016-11-01,1.0967098703888345,1.0967098703888345,1.0967098703888345,1.0967098703888345,1.0967098703888345,1.0967098703888345,1.0967098703888345,1.0967098703888345,1.0967098703888345,1.0967098703888345,1.0967098703888345,1.0967098703888345,0.8726067307060881,0.8726067307060881,0.8726067307060881,0.8726067307060881,0.8726067307060881,0.8726067307060881,0.8726067307060881,0.8726067307060881,0.8726067307060881,0.8726067307060881,0.8726067307060881,0.8726067307060881
2016-12-01,1.5952143569292199,1.5952143569292199,1.5952143569292199,1.5952143569292199,1.5952143569292199,1.5952143569292199,1.5952143569292199,1.5952143569292199,1.5952143569292199,1.5952143569292199,1.5952143569292199,1.5952143569292199,1.1218589739762752,1.1218589739762752,1.1218589739762752,1.1218589739762752,1.1218589739762752,1.1218589739762752,1.1218589739762752,1.1218589739762752,1.1218589739762752,1.1218589739762752,1.1218589739762752,1.1218589739762752
2017-01-01,1.9095477386934734,1.9095477386934734,1.9095477386934734,1.9095477386934734,1.9095477386934734,1.9095477386934734,1.9095477386934734,1.9095477386934734,1.9095477386934734,1.9095477386934734,1.9095477386934734,1.9095477386934734,1.3746950104460531,1.3746950104460531,1.3746950104460531,1.3746950104460531,1.3746950104460531,1.3746950104460531,1.3746950104460531,1.3746950104460531,1.3746950104460531,1.3746950104460531,1.3746950104460531,1.3746950104460531
2017-02-01,2.3046092184368705,2.3046092184368705,2.3046092184368705,2.3046092184368705,2.3046092184368705,2.3046092184368705,2.3046092184368705,2.3046092184368705,2.3046092184368705,2.3046092184368705,2.3046092184368705,2.3046092184368705,1.7265202961120996,1.7265202961120996,1.7265202961120996,1.7265202961120996,1.7265202961120996,1.7265202961120996,1.7265202961120996,1.7265202961120996,1.7265202961120996,1.7265202961120996,1.7265202961120996,1.7265202961120996
2017-03-01,2.2954091816367317,2.2954091816367317,2.2954091816367317,2.2954091816367317,2.2954091816367317,2.2954091816367317,2.2954091816367317,2.2954091816367317,2.2954091816367317,2.2954091816367317,2.2954091816367317,2.2954091816367317,2.026195123924074,2.026195123924074,2.026195123924074,2.026195123924074,2.026195123924074,2.026195123924074,2.026195123924074,2.026195123924074,2.026195123924074,2.026195123924074,2.026195123924074,2.026195123924074
2017-04-01,2.6946107784431073,2.6946107784431073,2.6946107784431073,2.6946107784431073,2.6946107784431073,2.6946107784431073,2.6946107784431073,2.6946107784431073,2.6946107784431073,2.6946107784431073,2.6946107784431073,2.6946107784431073,2.301044229302546,2.301044229302546,2.301044229302546,2.301044229302546,2.301044229302546,2.301044229302546,2.301044229302546,2.301044229302546,2.301044229302546,2.301044229302546,2.301044229302546,2.301044229302546
2017-05-01,2.8884462151394397,2.8884462151394397,2.8884462151394397,2.8884462151394397,2.8884462151394397,2.8884462151394397,2.8884462151394397,2.8884462151394397,2.8884462151394397,2.8884462151394397,2.8884462151394397,2.8884462151394397,2.5457688484140375,2.5457688484140375,2.5457688484140375,2.5457688484140375,2.5457688484140375,2.5457688484140375,2.5457688484140375,2.5457688484140375,2.5457688484140375,2.5457688484140375,2.5457688484140375,2.5457688484140375
2017-06-01,2.6838966202783254,2.6838966202783254,2.6838966202783254,2.6838966202783254,2.6838966202783254,2.6838966202783254,2.6838966202783254,2.6838966202783254,2.6838966202783254,2.6838966202783254,2.6838966202783254,2.6838966202783254,2.640590698874401,2.640590698874401,2.640590698874401,2.640590698874401,2.640590698874401,2.640590698874401,2.640590698874401,2.640590698874401,2.640590698874401,2.640590698874401,2.640590698874401,2.640590698874401
2017-07-01,2.5844930417495027,2.5844930417495027,2.5844930417495027,2.5844930417495027,2.5844930417495027,2.5844930417495027,2.5844930417495027,2.5844930417495027,2.5844930417495027,2.5844930417495027,2.5844930417495027,2.5844930417495027,2.7128616639025935,2.7128616639025935,2.7128616639025935,2.7128616639025935,2.7128616639025935,2.7128616639025935,2.7128616639025935,2.7128616639025935,2.7128616639025935,2.7128616639025935,2.7128616639025935,2.7128616639025935
2017-08-01,2.874132804757168,2.874132804757168,2.874132804757168,2.874132804757168,2.874132804757168,2.874132804757168,2.874132804757168,2.874132804757168,2.874132804757168,2.874132804757168,2.874132804757168,2.874132804757168,2.757742170481109,2.757742170481109,2.757742170481109,2.757742170481109,2.757742170481109,2.757742170481109,2.757742170481109,2.757742170481109,2.757742170481109,2.757742170481109,2.757742170481109,2.757742170481109
2017-09-01,2.9673590504450953,2.9673590504450953,2.9673590504450953,2.9673590504450953,2.9673590504450953,2.9673590504450953,2.9673590504450953,2.9673590504450953,2.9673590504450953,2.9673590504450953,2.9673590504450953,2.9673590504450953,2.777470379307523,2.777470379307523,2.777470379307523,2.777470379307523,2.777470379307523,2.777470379307523,2.777470379307523,2.777470379307523,2.777470379307523,2.777470379307523,2.777470379307523,2.777470379307523
2017-10-01,2.964426877470361,2.964426877470361,2.964426877470361,2.964426877470361,2.964426877470361,2.964426877470361,2.964426877470361,2.964426877470361,2.964426877470361,2.964426877470361,2.964426877470361,2.964426877470361,2.8476029436055317,2.8476029436055317,2.8476029436055317,2.8476029436055317,2.8476029436055317,2.8476029436055317,2.8476029436055317,2.8476029436055317,2.8476029436055317,2.8476029436055317,2.8476029436055317,2.8476029436055317
2017-11-01,3.155818540433919,3.155818540433919,3.155818540433919,3.155818540433919,3.155818540433919,3.155818540433919,3.155818540433919,3.155818540433919,3.155818540433919,3.155818540433919,3.155818540433919,3.155818540433919,2.9904343182766358,2.9904343182766358,2.9904343182766358,2.9904343182766358,2.9904343182766358,2.9904343182766358,2.9904343182766358,2.9904343182766358,2.9904343182766358,2.9904343182766358,2.9904343182766358,2.9904343182766358
2017-12-01,2.944062806673209,2.944062806673209,2.944062806673209,2.944062806673209,2.944062806673209,2.944062806673209,2.944062806673209,2.944062806673209,2.944062806673209,2.944062806673209,2.944062806673209,2.944062806673209,3.007916818755646,3.007916818755646,3.007916818755646,3.007916818755646,3.007916818755646,3.007916818755646,3.007916818755646,3.007916818755646,3.007916818755646,3.007916818755646,3.007916818755646,3.007916818755646
2018-01-01,2.9585798816567976,2.9585798816567976,2.9585798816567976,2.9585798816567976,2.9585798816567976,2.9585798816567976,2.9585798816567976,2.9585798816567976,2.9585798816567976,2.9585798816567976,2.9585798816567976,2.9585798816567976,3.005722026558572,3.005722026558572,3.005722026558572,3.005722026558572,3.005722026558572,3.005722026558572,3.005722026558572,3.005722026558572,3.005722026558572,3.005722026558572,3.005722026558572,3.005722026558572
2018-02-01,2.7424094025465307,2.7424094025465307,2.7424094025465307,2.7424094025465307,2.7424094025465307,2.7424094025465307,2.7424094025465307,2.7424094025465307,2.7424094025465307,2.7424094025465307,2.7424094025465307,2.7424094025465307,2.950217657827614,2.950217657827614,2.950217657827614,2.950217657827614,2.950217657827614,2.950217657827614,2.950217657827614,2.950217657827614,2.950217657827614,2.950217657827614,2.950217657827614,2.950217657827614
2018-03-01,2.4390243902439046,2.4390243902439046,2.4390243902439046,2.4390243902439046,2.4390243902439046,2.4390243902439046,2.4390243902439046,2.4390243902439046,2.4390243902439046,2.4390243902439046,2.4390243902439046,2.4390243902439046,2.77101912028011,2.77101912028011,2.77101912028011,2.77101912028011,2.77101912028011,2.77101912028011,2.77101912028011,2.77101912028011,2.77101912028011,2.77101912028011,2.77101912028011,2.77101912028011
2018-04-01,2.4295432458697697,2.4295432458697697,2.4295432458697697,2.4295432458697697,2.4295432458697697,2.4295432458697697,2.4295432458697697,2.4295432458697697,2.4295432458697697,2.4295432458697697,2.4295432458697697,2.4295432458697697,2.6423892300792504,2.6423892300792504,2.6423892300792504,2.6423892300792504,2.6423892300792504,2.6423892300792504,2.6423892300792504,2.6423892300792504,2.6423892300792504,2.6423892300792504,2.6423892300792504,2.6423892300792504
2018-05-01,2.420135527589551,2.420135527589551,2.420135527589551,2.420135527589551,2.420135527589551,2.420135527589551,2.420135527589551,2.420135527589551,2.420135527589551,2.420135527589551,2.420135527589551,2.420135527589551,2.507778141562439,2.507778141562439,2.507778141562439,2.507778141562439,2.507778141562439,2.507778141562439,2.507778141562439,2.507778141562439,2.507778141562439,2.507778141562439,2.507778141562439,2.507778141562439
2018-06-01,2.420135527589551,2.420135527589551,2.420135527589551,2.420135527589551,2.420135527589551,2.420135527589551,2.420135527589551,2.420135527589551,2.420135527589551,2.420135527589551,2.420135527589551,2.420135527589551,2.427209672823194,2.427209672823194,2.427209672823194,2.427209672823194,2.427209672823194,2.427209672823194,2.427209672823194,2.427209672823194,2.427209672823194,2.427209672823194,2.427209672823194,2.427209672823194
2018-07-01,2.519379844961245,2.519379844961245,2.519379844961245,2.519379844961245,2.519379844961245,2.519379844961245,2.519379844961245,2.519379844961245,2.519379844961245,2.519379844961245,2.519379844961245,2.519379844961245,2.447298536502529,2.447298536502529,2.447298536502529,2.447298536502529,2.447298536502529,2.447298536502529,2.447298536502529,2.447298536502529,2.447298536502529,2.447298536502529,2.447298536502529,2.447298536502529
2018-08-01,2.6011560693641744,2.6011560693641744,2.6011560693641744,2.6011560693641744,2.6011560693641744,2.6011560693641744,2.6011560693641744,2.6011560693641744,2.6011560693641744,2.6011560693641744,2.6011560693641744,2.6011560693641744,2.4902017423761302,2.4902017423761302,2.4902017423761302,2.4902017423761302,2.4902017423761302,2.4902017423761302,2.4902017423761302,2.4902017423761302,2.4902017423761302,2.4902017423761302,2.4902017423761302,2.4902017423761302
2018-09-01,2.401536983669539,2.401536983669539,2.401536983669539,2.401536983669539,2.401536983669539,2.401536983669539,2.401536983669539,2.401536983669539,2.401536983669539,2.401536983669539,2.401536983669539,2.401536983669539,2.4855521063961272,2.4855521063961272,2.4855521063961272,2.4855521063961272,2.4855521063961272,2.4855521063961272,2.4855521063961272,2.4855521063961272,2.4855521063961272,2.4855521063961272,2.4855521063961272,2.4855521063961272
2018-10-01,2.399232245681371,2.399232245681371,2.399232245681371,2.399232245681371,2.399232245681371,2.399232245681371,2.399232245681371,2.399232245681371,2.399232245681371,2.399232245681371,2.399232245681371,2.399232245681371,2.480326285919082,2.480326285919082,2.480326285919082,2.480326285919082,2.480326285919082,2.480326285919082,2.480326285919082,2.480326285919082,2.480326285919082,2.480326285919082,2.480326285919082,2.480326285919082
2018-11-01,2.294455066921608,2.294455066921608,2.294455066921608,2.294455066921608,2.294455066921608,2.294455066921608,2.294455066921608,2.294455066921608,2.294455066921608,2.294455066921608,2.294455066921608,2.294455066921608,2.424095091409173,2.424095091409173,2.424095091409173,2.424095091409173,2.424095091409173,2.424095091409173,2.424095091409173,2.424095091409173,2.424095091409173,2.424095091409173,2.424095091409173,2.424095091409173
2018-12-01,2.0972354623450817,2.0972354623450817,2.0972354623450817,2.0972354623450817,2.0972354623450817,2.0972354623450817,2.0972354623450817,2.0972354623450817,2.0972354623450817,2.0972354623450817,2.0972354623450817,2.0972354623450817,2.2981149396543996,2.2981149396543996,2.2981149396543996,2.2981149396543996,2.2981149396543996,2.2981149396543996,2.2981149396543996,2.2981149396543996,2.2981149396543996,2.2981149396543996,2.2981149396543996,2.2981149396543996
2019-01-01,1.8199233716474916,1.8199233716474916,1.8199233716474916,1.8199233716474916,1.8199233716474916,1.8199233716474916,1.8199233716474916,1.8199233716474916,1.8199233716474916,1.8199233716474916,1.8199233716474916,1.8199233716474916,2.152711536648888,2.152711536648888,2.152711536648888,2.152711536648888,2.152711536648888,2.152711536648888,2.152711536648888,2.152711536648888,2.152711536648888,2.152711536648888,2.152711536648888,2.152711536648888
2019-02-01,1.8112488083889433,1.8112488083889433,1.8112488083889433,1.8112488083889433,1.8112488083889433,1.8112488083889433,1.8112488083889433,1.8112488083889433,1.8112488083889433,1.8112488083889433,1.8112488083889433,1.8112488083889433,2.005715677325781,2.005715677325781,2.005715677325781,2.005715677325781,2.005715677325781,2.005715677325781,2.005715677325781,2.005715677325781,2.005715677325781,2.005715677325781,2.005715677325781,2.005715677325781
2019-03-01,1.904761904761898,1.904761904761898,1.904761904761898,1.904761904761898,1.904761904761898,1.904761904761898,1.904761904761898,1.904761904761898,1.904761904761898,1.904761904761898,1.904761904761898,1.904761904761898,1.9082923867858537,1.9082923867858537,1.9082923867858537,1.9082923867858537,1.9082923867858537,1.9082923867858537,1.9082923867858537,1.9082923867858537,1.9082923867858537,1.9082923867858537,1.9082923867858537,1.9082923867858537
2019-04-01,2.0872865275142205,2.0872865275142205,2.0872865275142205,2.0872865275142205,2.0872865275142205,2.0872865275142205,2.0872865275142205,2.0872865275142205,2.0872865275142205,2.0872865275142205,2.0872865275142205,2.0872865275142205,1.9058051530781384,1.9058051530781384,1.9058051530781384,1.9058051530781384,1.9058051530781384,1.9058051530781384,1.9058051530781384,1.9058051530781384,1.9058051530781384,1.9058051530781384,1.9058051530781384,1.9058051530781384
2019-05-01,1.9848771266540721,1.9848771266540721,1.9848771266540721,1.9848771266540721,1.9848771266540721,1.9848771266540721,1.9848771266540721,1.9848771266540721,1.9848771266540721,1.9848771266540721,1.9848771266540721,1.9848771266540721,1.9470435918297835,1.9470435918297835,1.9470435918297835,1.9470435918297835,1.9470435918297835,1.9470435918297835,1.9470435918297835,1.9470435918297835,1.9470435918297835,1.9470435918297835,1.9470435918297835,1.9470435918297835
2019-06-01,1.9848771266540721,1.9848771266540721,1.9848771266540721,1.9848771266540721,1.9848771266540721,1.9848771266540721,1.9848771266540721,1.9848771266540721,1.9848771266540721,1.9848771266540721,1.9848771266540721,1.9848771266540721,1.9904506713960657,1.9904506713960657,1.9904506713960657,1.9904506713960657,1.9904506713960657,1.9904506713960657,1.9904506713960657,1.9904506713960657,1.9904506713960657,1.9904506713960657,1.9904506713960657,1.9904506713960657
2019-07-01,1.9848771266540721,1.9848771266540721,1.9848771266540721,1.9848771266540721,1.9848771266540721,1.9848771266540721,1.9848771266540721,1.9848771266540721,1.9848771266540721,1.9848771266540721,1.9848771266540721,1.9848771266540721,2.010479476869109,2.010479476869109,2.010479476869109,2.010479476869109,2.010479476869109,2.010479476869109,2.010479476869109,2.010479476869109,2.010479476869109,2.010479476869109,2.010479476869109,2.010479476869109
2019-08-01,1.7840375586854584,1.7840375586854584,1.7840375586854584,1.7840375586854584,1.7840375586854584,1.7840375586854584,1.7840375586854584,1.7840375586854584,1.7840375586854584,1.7840375586854584,1.7840375586854584,1.7840375586854584,1.9346672346619187,1.9346672346619187,1.9346672346619187,1.9346672346619187,1.9346672346619187,1.9346672346619187,1.9346672346619187,1.9346672346619187,1.9346672346619187,1.9346672346619187,1.9346672346619187,1.9346672346619187
2019-09-01,1.7823639774859235,1.7823639774859235,1.7823639774859235,1.7823639774859235,1.7823639774859235,1.7823639774859235,1.7823639774859235,1.7823639774859235,1.7823639774859235,1.7823639774859235,1.7823639774859235,1.7823639774859235,1.8840389473698815,1.8840389473698815,1.8840389473698815,1.8840389473698815,1.8840389473698815,1.8840389473698815,1.8840389473698815,1.8840389473698815,1.8840389473698815,1.8840389473698815,1.8840389473698815,1.8840389473698815
2019-10-01,1.4995313964386137,1.4995313964386137,1.4995313964386137,1.4995313964386137,1.4995313964386137,1.4995313964386137,1.4995313964386137,1.4995313964386137,1.4995313964386137,1.4995313964386137,1.4995313964386137,1.4995313964386137,1.762702514816017,1.762702514816017,1.762702514816017,1.762702514816017,1.762702514816017,1.762702514816017,1.762702514816017,1.762702514816017,1.762702514816017,1.762702514816017,1.762702514816017,1.762702514816017
2019-11-01,1.4018691588784993,1.4018691588784993,1.4018691588784993,1.4018691588784993,1.4018691588784993,1.4018691588784993,1.4018691588784993,1.4018691588784993,1.4018691588784993,1.4018691588784993,1.4018691588784993,1.4018691588784993,1.6169505228721237,1.6169505228721237,1.6169505228721237,1.6169505228721237,1.6169505228721237,1.6169505228721237,1.6169505228721237,1.6169505228721237,1.6169505228721237,1.6169505228721237,1.6169505228721237,1.6169505228721237
2019-12-01,1.3071895424836555,1.3071895424836555,1.3071895424836555,1.3071895424836555,1.3071895424836555,1.3071895424836555,1.3071895424836555,1.3071895424836555,1.3071895424836555,1.3071895424836555,1.3071895424836555,1.3071895424836555,1.497738518821673,1.497738518821673,1.497738518821673,1.497738518821673,1.497738518821673,1.497738518821673,1.497738518821673,1.497738518821673,1.497738518821673,1.497738518821673,1.497738518821673,1.497738518821673
2020-01-01,1.7873941674506177,1.7873941674506177,1.7873941674506177,1.7873941674506177,1.7873941674506177,1.7873941674506177,1.7873941674506177,1.7873941674506177,1.7873941674506177,1.7873941674506177,1.7873941674506177,1.7873941674506177,1.4989960663128465,1.4989960663128465,1.4989960663128465,1.4989960663128465,1.4989960663128465,1.4989960663128465,1.4989960663128465,1.4989960663128465,1.4989960663128465,1.4989960663128465,1.4989960663128465,1.4989960663128465
2020-02-01,1.6853932584269593,1.6853932584269593,1.6853932584269593,1.6853932584269593,1.6853932584269593,1.6853932584269593,1.6853932584269593,1.6853932584269593,1.6853932584269593,1.6853932584269593,1.6853932584269593,1.6853932584269593,1.545461531809933,1.545461531809933,1.545461531809933,1.545461531809933,1.545461531809933,1.545461531809933,1.545461531809933,1.545461531809933,1.545461531809933,1.545461531809933,1.545461531809933,1.545461531809933
2020-03-01,1.495327102803734,1.495327102803734,1.495327102803734,1.495327102803734,1.495327102803734,1.495327102803734,1.495327102803734,1.495327102803734,1.495327102803734,1.495327102803734,1.495327102803734,1.495327102803734,1.5688260177912416,1.5688260177912416,1.5688260177912416,1.5688260177912416,1.5688260177912416,1.5688260177912416,1.5688260177912416,1.5688260177912416,1.5688260177912416,1.5688260177912416,1.5688260177912416,1.5688260177912416
2020-04-01,0.8364312267657992,0.8364312267657992,0.8364312267657992,0.8364312267657992,0.8364312267657992,0.8364312267657992,0.8364312267657992,0.8364312267657992,0.8364312267657992,0.8364312267657992,0.8364312267657992,0.8364312267657992,1.4511364388617776,1.4511364388617776,1.4511364388617776,1.4511364388617776,1.4511364388617776,1.4511364388617776,1.4511364388617776,1.4511364388617776,1.4511364388617776,1.4511364388617776,1.4511364388617776,1.4511364388617776
2020-05-01,0.556070435588496,0.556070435588496,0.556070435588496,0.556070435588496,0.556070435588496,0.556070435588496,0.556070435588496,0.556070435588496,0.556070435588496,0.556070435588496,0.556070435588496,0.556070435588496,1.1433055058962471,1.1433055058962471,1.1433055058962471,1.1433055058962471,1.1433055058962471,1.1433055058962471,1.1433055058962471,1.1433055058962471,1.1433055058962471,1.1433055058962471,1.1433055058962471,1.1433055058962471
2020-06-01,0.6487488415199083,0.6487488415199083,0.6487488415199083,0.6487488415199083,0.6487488415199083,0.6487488415199083,0.6487488415199083,0.6487488415199083,0.6487488415199083,0.6487488415199083,0.6487488415199083,0.6487488415199083,0.8841444016694844,0.8841444016694844,0.8841444016694844,0.8841444016694844,0.8841444016694844,0.8841444016694844,0.8841444016694844,0.8841444016694844,0.8841444016694844,0.8841444016694844,0.8841444016694844,0.8841444016694844
2020-07-01,1.1121408711770142,1.1121408711770142,1.1121408711770142,1.1121408711770142,1.1121408711770142,1.1121408711770142,1.1121408711770142,1.1121408711770142,1.1121408711770142,1.1121408711770142,1.1121408711770142,1.1121408711770142,0.7883478437628044,0.7883478437628044,0.7883478437628044,0.7883478437628044,0.7883478437628044,0.7883478437628044,0.7883478437628044,0.7883478437628044,0.7883478437628044,0.7883478437628044,0.7883478437628044,0.7883478437628044
2020-08-01,0.18450184501843658,0.18450184501843658,0.18450184501843658,0.18450184501843658,0.18450184501843658,0.18450184501843658,0.18450184501843658,0.18450184501843658,0.18450184501843658,0.18450184501843658,0.18450184501843658,0.18450184501843658,0.6253654983259638,0.6253654983259638,0.6253654983259638,0.6253654983259638,0.6253654983259638,0.6253654983259638,0.6253654983259638,0.6253654983259638,0.6253654983259638,0.6253654983259638,0.6253654983259638,0.6253654983259638
2020-09-01,0.5529953917050578,0.5529953917050578,0.5529953917050578,0.5529953917050578,0.5529953917050578,0.5529953917050578,0.5529953917050578,0.5529953917050578,0.5529953917050578,0.5529953917050578,0.5529953917050578,0.5529953917050578,0.6245967373551042,0.6245967373551042,0.6245967373551042,0.6245967373551042,0.6245967373551042,0.6245967373551042,0.6245967373551042,0.6245967373551042,0.6245967373551042,0.6245967373551042,0.6245967373551042,0.6245967373551042
2020-10-01,0.7386888273314796,0.7386888273314796,0.7386888273314796,0.7386888273314796,0.7386888273314796,0.7386888273314796,0.7386888273314796,0.7386888273314796,0.7386888273314796,0.7386888273314796,0.7386888273314796,0.7386888273314796,0.647081733807997,0.647081733807997,0.647081733807997,0.647081733807997,0.647081733807997,0.647081733807997,0.647081733807997,0.647081733807997,0.647081733807997,0.647081733807997,0.647081733807997,0.647081733807997
2020-11-01,0.36866359447005337,0.36866359447005337,0.36866359447005337,0.36866359447005337,0.36866359447005337,0.36866359447005337,0.36866359447005337,0.36866359447005337,0.36866359447005337,0.36866359447005337,0.36866359447005337,0.36866359447005337,0.46121241463125684,0.46121241463125684,0.46121241463125684,0.46121241463125684,0.46121241463125684,0.46121241463125684,0.46121241463125684,0.46121241463125684,0.46121241463125684,0.46121241463125684,0.46121241463125684,0.46121241463125684
2020-12-01,0.6451612903225934,0.6451612903225934,0.6451612903225934,0.6451612903225934,0.6451612903225934,0.6451612903225934,0.6451612903225934,0.6451612903225934,0.6451612903225934,0.6451612903225934,0.6451612903225934,0.6451612903225934,0.576377275957296,0.576377275957296,0.576377275957296,0.576377275957296,0.576377275957296,0.576377275957296,0.576377275957296,0.576377275957296,0.576377275957296,0.576377275957296,0.576377275957296,0.576377275957296
2021-01-01,0.7393715341959206,0.7393715341959206,0.7393715341959206,0.7393715341959206,0.7393715341959206,0.7393715341959206,0.7393715341959206,0.7393715341959206,0.7393715341959206,0.7393715341959206,0.7393715341959206,0.7393715341959206,0.6229713115800117,0.6229713115800117,0.6229713115800117,0.6229713115800117,0.6229713115800117,0.6229713115800117,0.6229713115800117,0.6229713115800117,0.6229713115800117,0.6229713115800117,0.6229713115800117,0.6229713115800117
2021-02-01,0.4604051565377576,0.4604051565377576,0.4604051565377576,0.4604051565377576,0.4604051565377576,0.4604051565377576,0.4604051565377576,0.4604051565377576,0.4604051565377576,0.4604051565377576,0.4604051565377576,0.4604051565377576,0.5534003938815812,0.5534003938815812,0.5534003938815812,0.5534003938815812,0.5534003938815812,0.5534003938815812,0.5534003938815812,0.5534003938815812,0.5534003938815812,0.5534003938815812,0.5534003938815812,0.5534003938815812
2021-03-01,0.7366482504604255,0.7366482504604255,0.7366482504604255,0.7366482504604255,0.7366482504604255,0.7366482504604255,0.7366482504604255,0.7366482504604255,0.7366482504604255,0.7366482504604255,0.7366482504604255,0.7366482504604255,0.6453965578791743,0.6453965578791743,0.6453965578791743,0.6453965578791743,0.6453965578791743,0.6453965578791743,0.6453965578791743,0.6453965578791743,0.6453965578791743,0.6453965578791743,0.6453965578791743,0.6453965578791743
2021-04-01,1.474654377880169,1.474654377880169,1.474654377880169,1.474654377880169,1.474654377880169,1.474654377880169,1.474654377880169,1.474654377880169,1.474654377880169,1.474654377880169,1.474654377880169,1.474654377880169,0.8527698297685682,0.8527698297685682,0.8527698297685682,0.8527698297685682,0.8527698297685682,0.8527698297685682,0.8527698297685682,0.8527698297685682,0.8527698297685682,0.8527698297685682,0.8527698297685682,0.8527698297685682
2021-05-01,2.1198156682027625,2.1198156682027625,2.1198156682027625,2.1198156682027625,2.1198156682027625,2.1198156682027625,2.1198156682027625,2.1198156682027625,2.1198156682027625,2.1198156682027625,2.1198156682027625,2.1198156682027625,1.1978808632702787,1.1978808632702787,1.1978808632702787,1.1978808632702787,1.1978808632702787,1.1978808632702787,1.1978808632702787,1.1978808632702787,1.1978808632702787,1.1978808632702787,1.1978808632702787,1.1978808632702787
2021-06-01,2.4861878453038777,2.4861878453038777,2.4861878453038777,2.4861878453038777,2.4861878453038777,2.4861878453038777,2.4861878453038777,2.4861878453038777,2.4861878453038777,2.4861878453038777,2.4861878453038777,2.4861878453038777,1.7043265354618087,1.7043265354618087,1.7043265354618087,1.7043265354618087,1.7043265354618087,1.7043265354618087,1.7043265354618087,1.7043265354618087,1.7043265354618087,1.7043265354618087,1.7043265354618087,1.7043265354618087
2021-07-01,2.016498625114571,2.016498625114571,2.016498625114571,2.016498625114571,2.016498625114571,2.016498625114571,2.016498625114571,2.016498625114571,2.016498625114571,2.016498625114571,2.016498625114571,2.016498625114571,2.024289129125345,2.024289129125345,2.024289129125345,2.024289129125345,2.024289129125345,2.024289129125345,2.024289129125345,2.024289129125345,2.024289129125345,2.024289129125345,2.024289129125345,2.024289129125345
2021-08-01,3.222836095764281,3.222836095764281,3.222836095764281,3.222836095764281,3.222836095764281,3.222836095764281,3.222836095764281,3.222836095764281,3.222836095764281,3.222836095764281,3.222836095764281,3.222836095764281,2.461334558596373,2.461334558596373,2.461334558596373,2.461334558596373,2.461334558596373,2.461334558596373,2.461334558596373,2.461334558596373,2.461334558596373,2.461334558596373,2.461334558596373,2.461334558596373
2021-09-01,3.024747937671868,3.024747937671868,3.024747937671868,3.024747937671868,3.024747937671868,3.024747937671868,3.024747937671868,3.024747937671868,3.024747937671868,3.024747937671868,3.024747937671868,3.024747937671868,2.6875676259636494,2.6875676259636494,2.6875676259636494,2.6875676259636494,2.6875676259636494,2.6875676259636494,2.6875676259636494,2.6875676259636494,2.6875676259636494,2.6875676259636494,2.6875676259636494,2.6875676259636494
2021-10-01,4.124656278643446,4.124656278643446,4.124656278643446,4.124656278643446,4.124656278643446,4.124656278643446,4.124656278643446,4.124656278643446,4.124656278643446,4.124656278643446,4.124656278643446,4.124656278643446,3.0971847342985415,3.0971847342985415,3.0971847342985415,3.0971847342985415,3.0971847342985415,3.0971847342985415,3.0971847342985415,3.0971847342985415,3.0971847342985415,3.0971847342985415,3.0971847342985415,3.0971847342985415
2021-11-01,5.1423324150596805,5.1423324150596805,5.1423324150596805,5.1423324150596805,5.1423324150596805,5.1423324150596805,5.1423324150596805,5.1423324150596805,5.1423324150596805,5.1423324150596805,5.1423324150596805,5.1423324150596805,3.8786431817848186,3.8786431817848186,3.8786431817848186,3.8786431817848186,3.8786431817848186,3.8786431817848186,3.8786431817848186,3.8786431817848186,3.8786431817848186,3.8786431817848186,3.8786431817848186,3.8786431817848186
2021-12-01,5.402930402930406,5.402930402930406,5.402930402930406,5.402930402930406,5.402930402930406,5.402930402930406,5.402930402930406,5.402930402930406,5.402930402930406,5.402930402930406,5.402930402930406,5.402930402930406,4.42366675857635,4.42366675857635,4.42366675857635,4.42366675857635,4.42366675857635,4.42366675857635,4.42366675857635,4.42366675857635,4.42366675857635,4.42366675857635,4.42366675857635,4.42366675857635
2022-01-01,5.412844036697262,5.412844036697262,5.412844036697262,5.412844036697262,5.412844036697262,5.412844036697262,5.412844036697262,5.412844036697262,5.412844036697262,5.412844036697262,5.412844036697262,5.412844036697262,5.020690783332698,5.020690783332698,5.020690783332698,5.020690783332698,5.020690783332698,5.020690783332698,5.020690783332698,5.020690783332698,5.020690783332698,5.020690783332698,5.020690783332698,5.020690783332698
2022-02-01,6.141154903758017,6.141154903758017,6.141154903758017,6.141154903758017,6.141154903758017,6.141154903758017,6.141154903758017,6.141154903758017,6.141154903758017,6.141154903758017,6.141154903758017,6.141154903758017,5.524815439611341,5.524815439611341,5.524815439611341,5.524815439611341,5.524815439611341,5.524815439611341,5.524815439611341,5.524815439611341,5.524815439611341,5.524815439611341,5.524815439611341,5.524815439611341
2022-03-01,7.038391224862872,7.038391224862872,7.038391224862872,7.038391224862872,7.038391224862872,7.038391224862872,7.038391224862872,7.038391224862872,7.038391224862872,7.038391224862872,7.038391224862872,7.038391224862872,5.99883014206214,5.99883014206214,5.99883014206214,5.99883014206214,5.99883014206214,5.99883014206214,5.99883014206214,5.99883014206214,5.99883014206214,5.99883014206214,5.99883014206214,5.99883014206214
2022-04-01,8.99182561307903,8.99182561307903,8.99182561307903,8.99182561307903,8.99182561307903,8.99182561307903,8.99182561307903,8.99182561307903,8.99182561307903,8.99182561307903,8.99182561307903,8.99182561307903,6.896053944599295,6.896053944599295,6.896053944599295,6.896053944599295,6.896053944599295,6.896053944599295,6.896053944599295,6.896053944599295,6.896053944599295,6.896053944599295,6.896053944599295,6.896053944599295
2022-05-01,9.025270758122739,9.025270758122739,9.025270758122739,9.025270758122739,9.025270758122739,9.025270758122739,9.025270758122739,9.025270758122739,9.025270758122739,9.025270758122739,9.025270758122739,9.025270758122739,7.799160624955665,7.799160624955665,7.799160624955665,7.799160624955665,7.799160624955665,7.799160624955665,7.799160624955665,7.799160624955665,7.799160624955665,7.799160624955665,7.799160624955665,7.799160624955665
2022-06-01,9.433962264150942,9.433962264150942,9.433962264150942,9.433962264150942,9.433962264150942,9.433962264150942,9.433962264150942,9.433962264150942,9.433962264150942,9.433962264150942,9.433962264150942,9.433962264150942,8.622362465053897,8.622362465053897,8.622362465053897,8.622362465053897,8.622362465053897,8.622362465053897,8.622362465053897,8.622362465053897,8.622362465053897,8.622362465053897,8.622362465053897,8.622362465053897
2022-07-01,10.062893081761004,10.062893081761004,10.062893081761004,10.062893081761004,10.062893081761004,10.062893081761004,10.062893081761004,10.062893081761004,10.062893081761004,10.062893081761004,10.062893081761004,10.062893081761004,9.378487929278428,9.378487929278428,9.378487929278428,9.378487929278428,9.378487929278428,9.378487929278428,9.378487929278428,9.378487929278428,9.378487929278428,9.378487929278428,9.378487929278428,9.378487929278428
2022-08-01,9.812667261373775,9.812667261373775,9.812667261373775,9.812667261373775,9.812667261373775,9.812667261373775,9.812667261373775,9.812667261373775,9.812667261373775,9.812667261373775,9.812667261373775,9.812667261373775,9.583698341352115,9.583698341352115,9.583698341352115,9.583698341352115,9.583698341352115,9.583698341352115,9.583698341352115,9.583698341352115,9.583698341352115,9.583698341352115,9.583698341352115,9.583698341352115
2022-09-01,10.142348754448394,10.142348754448394,10.142348754448394,10.142348754448394,10.142348754448394,10.142348754448394,10.142348754448394,10.142348754448394,10.142348754448394,10.142348754448394,10.142348754448394,10.142348754448394,9.862967840433528,9.862967840433528,9.862967840433528,9.862967840433528,9.862967840433528,9.862967840433528,9.862967840433528,9.862967840433528,9.862967840433528,9.862967840433528,9.862967840433528,9.862967840433528
2022-10-01,11.09154929577465,11.09154929577465,11.09154929577465,11.09154929577465,11.09154929577465,11.09154929577465,11.09154929577465,11.09154929577465,11.09154929577465,11.09154929577465,11.09154929577465,11.09154929577465,10.277364598339457,10.277364598339457,10.277364598339457,10.277364598339457,10.277364598339457,10.277364598339457,10.277364598339457,10.277364598339457,10.277364598339457,10.277364598339457,10.277364598339457,10.277364598339457
2022-11-01,10.65502183406113,10.65502183406113,10.65502183406113,10.65502183406113,10.65502183406113,10.65502183406113,10.65502183406113,10.65502183406113,10.65502183406113,10.65502183406113,10.65502183406113,10.65502183406113,10.425396786414487,10.425396786414487,10.425396786414487,10.425396786414487,10.425396786414487,10.425396786414487,10.425396786414487,10.425396786414487,10.425396786414487,10.425396786414487,10.425396786414487,10.425396786414487
2022-12-01,10.512597741094698,10.512597741094698,10.512597741094698,10.512597741094698,10.512597741094698,10.512597741094698,10.512597741094698,10.512597741094698,10.512597741094698,10.512597741094698,10.512597741094698,10.512597741094698,10.600379406344718,10.600379406344718,10.600379406344718,10.600379406344718,10.600379406344718,10.600379406344718,10.600379406344718,10.600379406344718,10.600379406344718,10.600379406344718,10.600379406344718,10.600379406344718
2023-01-01,10.008703220191473,10.008703220191473,10.008703220191473,10.008703220191473,10.008703220191473,10.008703220191473,10.008703220191473,10.008703220191473,10.008703220191473,10.008703220191473,10.008703220191473,10.008703220191473,10.566968022780488,10.566968022780488,10.566968022780488,10.566968022780488,10.566968022780488,10.566968022780488,10.566968022780488,10.566968022780488,10.566968022780488,10.566968022780488,10.566968022780488,10.566968022780488
2023-02-01,10.449050086355793,10.449050086355793,10.449050086355793,10.449050086355793,10.449050086355793,10.449050086355793,10.449050086355793,10.449050086355793,10.449050086355793,10.449050086355793,10.449050086355793,10.449050086355793,10.406343220425773,10.406343220425773,10.406343220425773,10.406343220425773,10.406343220425773,10.406343220425773,10.406343220425773,10.406343220425773,10.406343220425773,10.406343220425773,10.406343220425773,10.406343220425773
2023-03-01,10.076857386848847,10.076857386848847,10.076857386848847,10.076857386848847,10.076857386848847,10.076857386848847,10.076857386848847,10.076857386848847,10.076857386848847,10.076857386848847,10.076857386848847,10.076857386848847,10.261802108622703,10.261802108622703,10.261802108622703,10.261802108622703,10.261802108622703,10.261802108622703,10.261802108622703,10.261802108622703,10.261802108622703,10.261802108622703,10.261802108622703,10.261802108622703
2023-04-01,8.666666666666668,8.666666666666668,8.666666666666668,8.666666666666668,8.666666666666668,8.666666666666668,8.666666666666668,8.666666666666668,8.666666666666668,8.666666666666668,8.666666666666668,8.666666666666668,9.800319340015696,9.800319340015696,9.800319340015696,9.800319340015696,9.800319340015696,9.800319340015696,9.800319340015696,9.800319340015696,9.800319340015696,9.800319340015696,9.800319340015696,9.800319340015696
2023-05-01,8.69205298013247,8.69205298013247,8.69205298013247,8.69205298013247,8.69205298013247,8.69205298013247,8.69205298013247,8.69205298013247,8.69205298013247,8.69205298013247,8.69205298013247,8.69205298013247,9.471156780000944,9.471156780000944,9.471156780000944,9.471156780000944,9.471156780000944,9.471156780000944,9.471156780000944,9.471156780000944,9.471156780000944,9.471156780000944,9.471156780000944,9.471156780000944
2023-06-01,7.9638752052545225,7.9638752052545225,7.9638752052545225,7.9638752052545225,7.9638752052545225,7.9638752052545225,7.9638752052545225,7.9638752052545225,7.9638752052545225,7.9638752052545225,7.9638752052545225,7.9638752052545225,8.849863059725626,8.849863059725626,8.849863059725626,8.849863059725626,8.849863059725626,8.849863059725626,8.849863059725626,8.849863059725626,8.849863059725626,8.849863059725626,8.849863059725626,8.849863059725626
2023-07-01,6.857142857142873,6.857142857142873,6.857142857142873,6.857142857142873,6.857142857142873,6.857142857142873,6.857142857142873,6.857142857142873,6.857142857142873,6.857142857142873,6.857142857142873,6.857142857142873,8.044934427299133,8.044934427299133,8.044934427299133,8.044934427299133,8.044934427299133,8.044934427299133,8.044934427299133,8.044934427299133,8.044934427299133,8.044934427299133,8.044934427299133,8.044934427299133
2023-08-01,6.661251015434622,6.661251015434622,6.661251015434622,6.661251015434622,6.661251015434622,6.661251015434622,6.661251015434622,6.661251015434622,6.661251015434622,6.661251015434622,6.661251015434622,6.661251015434622,7.543580514491122,7.543580514491122,7.543580514491122,7.543580514491122,7.543580514491122,7.543580514491122,7.543580514491122,7.543580514491122,7.543580514491122,7.543580514491122,7.543580514491122,7.543580514491122
2023-09-01,6.623586429725359,6.623586429725359,6.623586429725359,6.623586429725359,6.623586429725359,6.623586429725359,6.623586429725359,6.623586429725359,6.623586429725359,6.623586429725359,6.623586429725359,6.623586429725359,7.026463876889344,7.026463876889344,7.026463876889344,7.026463876889344,7.026463876889344,7.026463876889344,7.026463876889344,7.026463876889344,7.026463876889344,7.026463876889344,7.026463876889344,7.026463876889344
2023-10-01,4.5958795562599075,4.5958795562599075,4.5958795562599075,4.5958795562599075,4.5958795562599075,4.5958795562599075,4.5958795562599075,4.5958795562599075,4.5958795562599075,4.5958795562599075,4.5958795562599075,4.5958795562599075,6.184464964640691,6.184464964640691,6.184464964640691,6.184464964640691,6.184464964640691,6.184464964640691,6.184464964640691,6.184464964640691,6.184464964640691,6.184464964640691,6.184464964640691,6.184464964640691
2023-11-01,3.946329913180735,3.946329913180735,3.946329913180735,3.946329913180735,3.946329913180735,3.946329913180735,3.946329913180735,3.946329913180735,3.946329913180735,3.946329913180735,3.946329913180735,3.946329913180735,5.4567617286501555,5.4567617286501555,5.4567617286501555,5.4567617286501555,5.4567617286501555,5.4567617286501555,5.4567617286501555,5.4567617286501555,5.4567617286501555,5.4567617286501555,5.4567617286501555,5.4567617286501555
2023-12-01,3.9308176100628867,3.9308176100628867,3.9308176100628867,3.9308176100628867,3.9308176100628867,3.9308176100628867,3.9308176100628867,3.9308176100628867,3.9308176100628867,3.9308176100628867,3.9308176100628867,3.9308176100628867,4.774153377307222,4.774153377307222,4.774153377307222,4.774153377307222,4.774153377307222,4.774153377307222,4.774153377307222,4.774153377307222,4.774153377307222,4.774153377307222,4.774153377307222,4.774153377307222
2024-01-01,4.034810126582267,4.034810126582267,4.034810126582267,4.034810126582267,4.034810126582267,4.034810126582267,4.034810126582267,4.034810126582267,4.034810126582267,4.034810126582267,4.034810126582267,4.034810126582267,4.126959301521449,4.126959301521449,4.126959301521449,4.126959301521449,4.126959301521449,4.126959301521449,4.126959301521449,4.126959301521449,4.126959301521449,4.126959301521449,4.126959301521449,4.126959301521449
2024-02-01,3.4401876465989023,3.4401876465989023,3.4401876465989023,3.4401876465989023,3.4401876465989023,3.4401876465989023,3.4401876465989023,3.4401876465989023,3.4401876465989023,3.4401876465989023,3.4401876465989023,3.4401876465989023,3.8380363241061977,3.8380363241061977,3.8380363241061977,3.8380363241061977,3.8380363241061977,3.8380363241061977,3.8380363241061977,3.8380363241061977,3.8380363241061977,3.8380363241061977,3.8380363241061977,3.8380363241061977
2024-03-01,3.1807602792862655,3.1807602792862655,3.1807602792862655,3.1807602792862655,3.1807602792862655,3.1807602792862655,3.1807602792862655,3.1807602792862655,3.1807602792862655,3.1807602792862655,3.1807602792862655,3.1807602792862655,3.6466439156325805,3.6466439156325805,3.6466439156325805,3.6466439156325805,3.6466439156325805,3.6466439156325805,3.6466439156325805,3.6466439156325805,3.6466439156325805,3.6466439156325805,3.6466439156325805,3.6466439156325805
2024-04-01,2.3773006134969243,2.3773006134969243,2.3773006134969243,2.3773006134969243,2.3773006134969243,2.3773006134969243,2.3773006134969243,2.3773006134969243,2.3773006134969243,2.3773006134969243,2.3773006134969243,2.3773006134969243,3.2582646664910895,3.2582646664910895,3.2582646664910895,3.2582646664910895,3.2582646664910895,3.2582646664910895,3.2582646664910895,3.2582646664910895,3.2582646664910895,3.2582646664910895,3.2582646664910895,3.2582646664910895
2024-05-01,1.980198019801982,1.980198019801982,1.980198019801982,1.980198019801982,1.980198019801982,1.980198019801982,1.980198019801982,1.980198019801982,1.980198019801982,1.980198019801982,1.980198019801982,1.980198019801982,2.7446116397960187,2.7446116397960187,2.7446116397960187,2.7446116397960187,2.7446116397960187,2.7446116397960187,2.7446116397960187,2.7446116397960187,2.7446116397960187,2.7446116397960187,2.7446116397960187,2.7446116397960187
2024-06-01,1.9771863117870714,1.9771863117870714,1.9771863117870714,1.9771863117870714,1.9771863117870714,1.9771863117870714,1.9771863117870714,1.9771863117870714,1.9771863117870714,1.9771863117870714,1.9771863117870714,1.9771863117870714,2.378861306093061,2.378861306093061,2.378861306093061,2.378861306093061,2.378861306093061,2.378861306093061,2.378861306093061,2.378861306093061,2.378861306093061,2.378861306093061,2.378861306093061,2.378861306093061
2024-07-01,2.2154316271963292,2.2154316271963292,2.2154316271963292,2.2154316271963292,2.2154316271963292,2.2154316271963292,2.2154316271963292,2.2154316271963292,2.2154316271963292,2.2154316271963292,2.2154316271963292,2.2154316271963292,2.1375291430705765,2.1375291430705765,2.1375291430705765,2.1375291430705765,2.1375291430705765,2.1375291430705765,2.1375291430705765,2.1375291430705765,2.1375291430705765,2.1375291430705765,2.1375291430705765,2.1375291430705765
2024-08-01,2.2848438690022954,2.2848438690022954,2.2848438690022954,2.2848438690022954,2.2848438690022954,2.2848438690022954,2.2848438690022954,2.2848438690022954,2.2848438690022954,2.2848438690022954,2.2848438690022954,2.2848438690022954,2.1144149569469195,2.1144149569469195,2.1144149569469195,2.1144149569469195,2.1144149569469195,2.1144149569469195,2.1144149569469195,2.1144149569469195,2.1144149569469195,2.1144149569469195,2.1144149569469195,2.1144149569469195
2024-09-01,1.6666666666666607,1.6666666666666607,1.6666666666666607,1.6666666666666607,1.6666666666666607,1.6666666666666607,1.6666666666666607,1.6666666666666607,1.6666666666666607,1.6666666666666607,1.6666666666666607,1.6666666666666607,2.036032118663089,2.036032118663089,2.036032118663089,2.036032118663089,2.036032118663089,2.036032118663089,2.036032118663089,2.036032118663089,2.036032118663089,2.036032118663089,2.036032118663089,2.036032118663089
2024-10-01,2.2727272727272707,2.2727272727272707,2.2727272727272707,2.2727272727272707,2.2727272727272707,2.2727272727272707,2.2727272727272707,2.2727272727272707,2.2727272727272707,2.2727272727272707,2.2727272727272707,2.2727272727272707,2.109917358898139,2.109917358898139,2.109917358898139,2.109917358898139,2.109917358898139,2.109917358898139,2.109917358898139,2.109917358898139,2.109917358898139,2.109917358898139,2.109917358898139,2.109917358898139
2024-11-01,2.581624905087332,2.581624905087332,2.581624905087332,2.581624905087332,2.581624905087332,2.581624905087332,2.581624905087332,2.581624905087332,2.581624905087332,2.581624905087332,2.581624905087332,2.581624905087332,2.20146567837089,2.20146567837089,2.20146567837089,2.20146567837089,2.20146567837089,2.20146567837089,2.20146567837089,2.20146567837089,2.20146567837089,2.20146567837089,2.20146567837089,2.20146567837089
